,平台,情感短语,用户印象
0,爱钱帮,"[[['投了5000块钱', '出了一个负面的讨债图片', '没有什么负面', '希望平台安好']]]",['平台安好']
1,点融,"[[['有一年', '没什么散标', '没人气']], [], [['靠前为什么']], [], [], [], [['是出', '出问题', '有人知道']], [['看&quot'], ['准备投', '发现问题多多', '显示1-2天到账'], ['如下1、注册', '注册送2%加息券', '等做', '做处理']], [], [], [['投了几笔体验', '剩点融']], [['退出半月赢', '成坑', '体验最差的一个平台', '投了希望', '希望这周能回款']], [['投了几个标'], ['投资了另外一家上市系平台好又贷']], [['发展稳健客服']], [], [['撸羊毛', '号称投资', '是稳健产品', '冲着这个利息', '投你', '不如投陆金所']], [['预期收益百分之10', '有百分之5']], [['有一对一客服来电', '没有，我是', '是个比较马虎的人', '是发现', '发现微信里有', '有点融的客服'], ['是限量', '知道抢', '得到不']], [['排名第三', '是不错']]]","['平台差', '客服稳健', '产品稳健', '人马虎']"
2,玖富,"[[['投资五万沅']], [['履行职责承诺', '感觉在合法合规方面没什么', '没什么大问题']], [['需要1-3天', '过几天', '引入履约险', '希望利率不要再降']]]","['合规合法', '问题大']"
3,嘉石榴,[[['接手二手转让标预期收益']]],[]
4,合拍在线,"[[['回款日', '有什么区别'], ['算是前无古人']], [], [['是个喜欢装逼的公司', '喜欢装逼', '喜欢耍', '耍些小技俩', '想要装', '装大爷', '想不兑现', '兑现承诺', '看清楚条件', '让你浪费', '浪费了大把时间', '得不到看到的收益']], [], [['标到期了钱', '是要跑路的节奏', '跑路']], [['是很旺', '感觉不太踏实', '投了一小部分资金']], [['就是逾期', '知道怎么做的风控']], [['碰上展期', '让人觉']], [['觉得客服和利息都不错'], ['是长', '就是到期', '要1-3个工作日', '是微醺']], [['取消了展期']], []]","['技俩小', '条件清楚', '时间大', '部分小', '利息不错']"
5,普惠家,"[[['就是把我们当', '当不可描述词', '描述词骗', '没有一点的用处']], [['比起其他平台', '算高', '吸引投资者', '吸引投资者']], [['有意向'], ['错过机会']], [], [['投了7、8次标', '遇到问题', '感觉平台服务很不错']], [['见证了成长', '希望利息节节高']], [['重仓普惠家', '想实地看看', '有机会']], [['是一个老平台', '是做的不错']], [['存银行', '是买', '买车', '希望能实现']], [['不怕会丢', '放心大平台']], [['解决问题', '赞一个'], ['去过他们公司', '看到了真实的质押文物'], ['听说有', '有文物讲课', '有时间']], [['见做', '做过大额', '返现']], [['见过公司高层']], [], [['知道能不能持久']], [['投了这家']]]","['感觉不错', '利息高', '平台老', '平台大', '文物真实']"
6,金银猫,"[[['看了下平台信息', '问为什么平台资金不做', '做托管'], ['是个涉及资金安全的重要环节', '涉及资金安全'], ['希望网站能及时回复', '建立资金托管模式']], [['作为理财中的一部分来计划', '作为首选', '用了一俩年', '看着他逐渐上升'], ['开年红']], [['作为一个老平台', '还是比较靠谱']], [['到账', '遇上双休'], ['体验极差的一个平台']], [['有投资金银猫', '还是比较看好']]]","['资金安全', '资金安全', '网站及时', '平台老', '平台差']"
7,宜民贷,"[[['利用虚假合同', '跑路', '没有任何声明', '泯灭人性', '践踏法律']], [['跑路', '是中国机床总公司广州公司', '属于高危平台', '撤资远离']], [['抢不上标', '是每天想', '想有']], [['投财富', '是同一个大骗子股东李俊'], ['觉得宜民贷和贷贷网会是', '是什么结局']], [['是他的一个P2P']], [['是中机控股公司的金融平台', '是假融资项目', '涉嫌欺诈'], ['担心宜民贷的投友步', '投友步后尘', '提醒大家擦亮', '擦亮眼睛']], [['属众矢之的', '李俊打着国资系旗号', '看看他搞的星辰金服和意投财富是', '投财富', '是个什么烂摊子'], ['还有他的贷贷网现在也人去楼空'], ['成过街老鼠', '害人']], [['是中国机床广州公司', '跑路', '是同样的控股公司'], ['是一皮包公司', '给投资者一个合理解释']], [['看看中机广州公司的套路', '跑路']], [['跑路']], [['投财富', '是骗子老赖李俊搞的鬼把戏造的孽，李俊罪恶深重', '沾满投资者的血汗'], ['扒李俊的罪恶行径', '揪出他', '让他得到', '得到应有的惩罚']], [['有存管', '有ICP', '符合要求']], [['做车贷', '是实物抵', '抵质押']], [], [['骗钱']], [['跑路', '是一家所谓国企', '是老赖骗子公司', '可见宜民贷也好不到', '估计跑路也很快', '跑路']], [], [['是假标']], [['是高危平台', '擦亮双眼', '就是你']], [['投个大平台好平台']], [['看看股东']], [['提供两条建议'], ['展开调查', '导致跑路'], ['没有问题']]]","['合同虚假', '平台高危', '骗子大', '项目假', '投资者合理', '骗子深重', '个大']"
8,新联在线,"[[['是管理费太多']], [['是利息的百分之十']], [], [['喜欢且重仓的一个平台']], [['是不知道', '过6月备案期'], ['敢重仓']], [['听说这平台', '做观察体验感是否不错', '观察体验感']], [['是我重仓的平台'], ['希望多多理财']], [['搞一个', '搞个活动', '点进去显示处理中', '打开网页', '学什么不好学', '学小米', '搞饥饿营销', '吸引小部分人投资', '激怒广大没参与到活动的投资者', '参与到活动', '考虑分散投资', '请珍惜', '珍惜广大投资者的体验']], [['有下降'], ['到账']]]","['管理费多', '体验感不错']"
9,融通资产,[[]],[]
10,帮客金融,"[[['知道投资体验', '体验怎么样']]]",[]
11,普交所,"[[['到期周一提现', '到账'], ['没有任何理由', '叫我用小额提现也就是', '是1000或2000的提']]]",[]
12,芝麻宝金服,"[[['担心平台跑', '跑路']], [['到期三', '给个好评', '坐等收益']]]",[]
13,恒大金服,"[[['位列中国房地产行业三甲之列'], ['还有接近', '接近9个百分点'], ['上线']]]",[]
14,石投金融,"[[['没有问题', '顶一个']], [['希望优化']], [['还有很多活动非常给力']], [['端方便']], [['投了很长时间', '希望平台越来越好']]]","['时间长', '平台好']"
15,雍和金融,"[[['支持下我投资的平台', '开始投资', '算稳健', '希望越做']]]",[]
16,钱多多,"[[['有托管']], [], [['感谢广大的顾客对我们钱多多的信任', '持续进步']], [['是取现时间比较久', '感觉客服比较认真']], [['是百万投资']], [['投了两家房产抵押平台']]]","['时间久', '感觉认真']"
17,信用宝,"[[['是新疆的宝粉', '支持信用宝', '吃羊肉串']], [['到账'], ['请教各位大神']], [['发现提现日期为', '为6月16']], [['出去那么多钱']], [['喜欢这个平台', '投当天', '到账', '投一段时间', '考虑重仓']]]",['钱多']
18,投这家,"[[['是一个小而美的新平台', '没有P2P发展的原罪', '没有历史包袱'], ['降三次息', '要求不能再降']]]",['平台小']
19,集利财富,"[[['看了几期的运营数据', '算稳定', '是一直没正式上', '上存管'], ['有存管方面的动态', '上了存管', '考虑试试', '试试投']]]",[]
20,e融e贷,[[['是银行理财']]],[]
21,微拍贷,"[[], [['投了好几次短期'], ['算透明', '还是挺稳定'], ['说下提现', '收费这块', '投短期经常提现', '是很不错'], ['考虑投', '投一年期']]]",[]
22,湖湘财富,"[[['希望顺利备案']], [['看湖', '投了20万', '继续支持', '支持湖湘贷']]]",[]
23,果树财富,"[[], [['放这里', '有点收益']], [['希望提高', '提高安全性', '保证投资人的利益']], [['没有投资', '投资过这家的标', '知道怎么样']]]",[]
24,口袋财行,"[[['做储蓄', '推荐这个', '做了次18天短期', '注册什么', '觉得很简单明了', '是我比较喜欢', '没那么多天书'], ['到期了呵呵'], ['喜欢期限']]]",['天书多']
25,链车金服,"[[['担心了好几个月', '到账']], [['碰到这样的情况', '请教一下大家', '投资了8000']]]",[]
26,积木盒子,"[[['没人负责', '负责数据更新', '是对投资者负责人的态度', '希望网贷重视']], [['没有标', '是怎么回事'], ['有标']], [['喜欢积木盒子的灵活性', '标满一个月']], [['投了新手']], [['有资金到期', '到期回款', '满意逾期', '选择自动投标']], [['放一些放在', '放在积木这边', '标榜高收益', '还有他们平台有', '有很多短期的标', '适合我们这种小投资人资金过度'], ['值得信赖']], [], [['提现要', '要手续费']], [], [['是分散', '有15%以上', '做全实物', '抵质押', '希望这样放心靠谱的平台越来越多', '放心靠谱']], [['值得信赖']], [['有风投', '急需解决', '解决坏账问题']]]","['标满', '收益高', '投资人小', '实物全', '靠谱多']"
27,地标金融,"[[], [['汇付天下']]]",[]
28,诚乾贷,"[[['去现场', '到钱']]]",[]
29,人人贷,"[[['说偏偏周六23号才能退出', '估计又是', '是周一', '是明天', '无语', '是收费']], [['是一个老平台', '没问题']], [['是大平台的通病']], [['知道为什么这两天光发短信', '说是冇办息券到期']], [['缴资本']], [['喜欢这种合规程度高的平台']], [['值得信任']], [], [['知道这个网站的理财效果不错', '吸引人']], [['计划退出', '退出费用高']], [['觉得年华收益有点低', '是安全最重要']], [['是在人人贷做的散标投资', '是能够打动', '打动投资者的心'], ['做投资理财', '觉得好']], [['准备退出', '退出退', '退了１天', '是新手表１Ｗ如果买', '知道转', '转到猴年马月利息', '拖时间实际利率', '是不会再投']], [], [], [], [['准备找', '找一个好的投资理财产品', '发现了WE理财', '理财保本基金', '享受1折的费率优惠']], [], [['害怕冒险', '是最好']], [], [['是网贷里面的黄埔军校']], [['喜欢人人贷推出的&ldquo'], ['就是防震抗跌', '就是喜欢', '喜欢这种稳稳的赶脚']], [], [['让你们的老妈到西单大街支叉八', '是公平交易', '说你们', '感谢你们', '放一年提心吊胆的你们叉', '叉老妈就给个0，大元宵', '是差席去搞', '搞粉钱', '给钱3000年钱', '给个0', '偷点钱']], [['还这种收益']], [['靠前']], [['是降', '降息', '搞活动']], [['引进第三方担保', '是耍流氓'], ['投你人人贷']], [], [['是没有', '没有什么优势']], [], [['准备投资'], ['继续关注']], [['听别人说', '说，安', '安不安全要体验', '还是靠谱']], [['喜欢人人贷']], [['无语', '无语']], [['要第三方担保'], ['感觉人人贷', '是一个不错的平台']], [], [], [['要3天']], [['保障机制', '想信平台能更好的加强', '加强风控', '考虑投资']], [['兑投资人', '逾期了钱']], [['赞一个']], [['投过两笔款', '排名第一', '拥抱监管的名义', '取消保证金', '宣传去刚兑', '是猪脑子', '可知投资人才是', '是你们的衣食父母', '找不到第三方担你之前，傻瓜才投', '担你', '投你平台', '找不到担保方', '看现在合规排名', '排名第一']], [], [], [['是大平台', '说29号到', '到账'], ['是要玩', '玩那样']], [['到款']], [['适合新人投资']], [['喜欢人人贷理财的新手红包']], [], [['信任人人贷']], [['算稳定']]]","['平台老', '平台大', '程度高', '网站不错', '费用高', '年华低', '手表新', '时间实际', '投资好', '赶脚稳稳', '老妈大', '平台不错', '信好', '平台大']"
30,投哪网,"[[['有广发的风投']], [['干爹', '完成b融资', '有信心'], ['保证投资者的资金安全']], [['沒显示', '充哪'], ['没有人工服务'], ['踩雷']], [['苦练内功', '増强投资人信心'], ['让投资人放心的得到', '得到收益']], [['投资了一段时间'], ['投资了一笔', '回访问银行卡后4位', '访问银行卡'], ['请问你们是', '是不相信', '相信快捷支付的安全性'], ['相信你们所谓的银行存管'], ['确认才能提现'], ['接这个电话', '是永远不到', '到账'], ['充值投标提现', '没有广发银行发来的资金短信提示'], ['是联合存管', '是直接存管', '有资金池']], [], [['就是利率低']], [['开通标', '提醒二天也没提醒']], [['让人怎么提现'], ['处理一次提现', '处理提现', '说什么国庆所有人都是', '是休息'], ['通过了竟然超过', '超过24小时', '到账']], [['提现', '说存管升级']], [['收取管理费', '到账', '使得资金增加', '增加了灵活性'], ['感到满意']], [['投资安心plus565期', '说正在匹配', '是已经第六天', '说现在都是', '是这种情况', '说那565期都没匹配'], ['像金字塔']], [['就是利率降低']], [['说是故障']], [['有一笔12万的到期'], ['是复利在投资'], ['是5600元'], ['给我5400元的利息'], ['给出满意的答复']], [['投哪平台']], [], [['收管理费', '是使用的券也有', '有管理费', '没问题']], [['是重仓平台', '投了60多万'], ['遇到任何问题'], ['需要电话核实', '缺乏了解', '造成误会'], ['算是中等偏高'], ['说正在进行中', '预计4月份完成']], [['提示虚拟账户余额不足']], [['没有回款', '没人接', '到底怎么回事']], [['需要这么多天'], ['有别的问题']], [['准备投', '投月标'], ['有额度'], ['等测评', '没标'], ['提前通知', '通知测评', '测评过期']]]","['投资者安全', '利率低', '期安心', '账户不足', '天多']"
31,蜂融网,"[[['让人放心']], [['有信息', '查到情况']], []]",[]
32,阿拉丁金服,"[[['换手机号码', '换其他地方']]]",[]
33,永利宝,"[[['负责任', '值得信任']], [['挺长2.发标', '是个摆设3.登陆', '反馈客服', '没人理', '理我4.发标有', '有时间', '告诉你', '告诉你这个时候有', '有可能有'], ['愿意为此付', '付法律责任']], [['没有数据']], [['算是老平台', '值得信任', '就是标难抢']], [['搞活动', '是被骗']]]",['平台老']
34,宜聚网,"[[['是宜聚网的一名投资人', '看不惯有些人在这里无事生非', '是互金协会会员', '有这个必要'], ['没有流动性']], [['是我第一个平台', '就是没', '没银行存管']], [['满意这个平台']], [['希望平台越来越好']], [['是我们操作问题', '是网站问题']], [['想备案']]]",['平台好']
35,冠腾投资,[[['值得信赖']]],[]
36,德银在线,[[]],[]
37,YES金融,"[[['准备抢一个月的试试', '做了个两万的三月标', '算是比较靠谱的平台']]]",['平台靠谱']
38,新融网,[[['赶上收益']]],[]
39,快快贷,"[[['有官方投资交流群'], ['建议增加', '有客服为投资人解答', '解答各种问题']]]",[]
40,普天贷,"[[['投普天金服', '希望能上', '上一些短期的标的'], ['希望能有', '有app']]]",[]
41,宜人贷,"[[['赢5.20号', '到账', '提示-退出中'], ['无人回复'], ['出问题'], ['逾期不要紧', '给个通知']], [], [['是平台的老用户总体来说还不错就是', '是利息太低']], [], [], [['值得进一步投资']], [['是收益不高再别的没毛病']], [['算透明'], ['算挺不错']], [['体现速度']], [['没有新手红包']], [['值得投']], [['还是支持']], [], [['要求注册资本在5000万元以上,为什么数数二企业才3000万元']], [['奔着排名'], ['宜定盈', '发现提前', '提前退出', '退出2%']], [['等上3天', '是没有', '没有收益', '占用出借人'], ['有截图为', '为证'], ['请大家注意']], [['是利率太低']], [], [['是宜人贷', '希望能更好']], [['开始投资明白的不是', '是很多'], ['继续努力']], [['准备通过之家的活动来参加这个平台的投资', '参加这个平台', '希望一切安好']], [['打客服电话']], [], [['换了一把不能用的伞']], [['投了指', '指旺财富', '是宜信', '宜信旗下产品']], [['就是利率太低'], ['建议短月标多些']], [['登不上去怎么回事']], [['需要客服']], [['来这里', '看吧http://blog.sina.com.cn/s/blog_e31d87770102vrdw.html']], [['没有一点诚信的平台小心你的本金']], [['希望改进']], [['披露比较透明可信，:下一步计划重仓']], [['有实力', '是收益有点低项目期限也比较长'], ['壹宝贷这样利率中等些的平台投资', '标16%']], [], [['到账']], [['是产品都比较适合', '适合稳健投资人']], [['得红包']], [['到期当天即能提现', '到账', '相信大平台']], [['提示自动升级'], ['咨询400客服', '让我换', '换个手机'], ['换手机']], [['有保障']], [['绑定也能注销卡的正规平台']], [['是利息', '是太低'], ['感觉还不如', '不如陆金所']], [], [['是不错']], [['为第一大平台', '失去信心']], [['算安全', '是这个利率', '加利率', '考虑基本']], [['多些产品']]]","['平台老', '利息低', '收益高', '利率低', '利率低', '月标短', '平台诚信', '计划透明', '收益低', '投资人稳健', '平台大', '平台正规', '平台大']"
42,京贷网,"[[['逾期十多天', '没了声音'], ['看标', '没有啥还款']], [['打码身份证']], [['开始回款']], [['是黑子', '只是一个羊毛客', '谈谈对这个平台的感受', '走羊毛', '下载了app', '感觉做', '是股权上市公司就认为', '认为没', '没问题']]]",[]
43,圈圈金服,"[[['有了银行存管收益', '成样子']]]",[]
44,爱鸿森,[[['体验试试']]],[]
45,瑞银创投,"[[['没人性', '认钱', '认爹', '做到什么事']]]",[]
46,爱投资,"[[['感觉爱投资很专业', '有实力', '有保障', '还有加息活动']], [['考虑是否进驻']], [['完成银行存管', '让投资人更安心']], [['是我的重仓平台']], [['变成小标', '知道能不能过关'], ['占比太大'], ['跌出了百强'], ['继续观察']], [['开始陆续投资', '有问', '提现免费']], [['觉得爱投资还是不错', '到帐', '投了三十万', '己过百万'], ['希望爱投资']], [['开始投资', '还是15%', '使用加息卷利息', '达到14%', '过去了我的资金', '无比较边缘化', '见这个网站靠羊毛维持', '让用户得到', '得到了实惠', '保持6位数的资金']], [['希望平台不会让', '让投资人失望']], [['提现免费', '就是今天看', '看十大借款人占', '占比咋那么高']], [['处理极']]]","['爱投资专业', '投资人安心', '投资人失望', '借款人大']"
47,掌众财富,"[[['说不出口', '说什么好']], [['是最高', '就是感觉', '感觉踏实']], [['只是一个小用户', '关注掌众财富的动态', '获得过十多项行业奖项', '用怀疑']], [['到账', '是最有', '有说服力']], [['相信掌众财富的安全', '有钱', '放在掌众财富', '出过啥问题']], [['见过他们团队的小伙伴', '还是挺丰富', '是爱', '爱屋']], [['喜欢他们专业的服务', '是买']]]","['用户小', '掌众财富安全']"
48,大同行,"[[], [['请理解', '理解透了再说话', '以为近期投资没', '没问题']], [['希望平台尽快通过备案，发展']], [['是变更', '变更了股权', '让投资人更加放心']]]",[]
49,红金所,"[[['问客服', '说今天能兑付', '没有人接', '跑路'], ['有没有投的投友', '有投']]]",[]
50,碧有信,"[[['有点低']], [['值得大家去投资的理财产品']]]",[]
51,掌存宝,"[[['骂人']], [['希望能安全']], [], [['是好平台']], [['有拆东墙补西墙的可能', '拆东墙', '补西墙']]]",['平台好']
52,悦家金融,"[[['关注很长时间', '做了一笔']]]",['时间长']
53,58财福,[[]],[]
54,微金所,"[[['没那么纠结', '用上红包Ycode年化收益']]]",[]
55,鄂汇金融,"[[['负责任', '没有费用']]]",[]
56,来存吧,"[[['没有记录', '知道资金的去向', '让人担心', '担心受怕']], [['是充值', '受影响']], [['适合百姓', '放心投资', '用了十几个平台', '是我最爱']], [['算透明']], [['用了大半年'], ['是客服老是不在线', '有问题', '让人着急']]]",['人着急']
57,壹宝贷,"[[['研究了平台', '是小平台外', '有三方托管'], ['算个靠谱的平台']], [['是不错', '取得了银行存管、三级安全等级备案等安保成绩', '使平台更加规范化', '是在很多平台上面都见'], ['抓紧备案', '相信不久的将来会更加规范']], [['觉得壹宝贷还是真心干事业的，平台核心团队和运营模式也是', '还是真心干事业', '是很专业正规', '有很多问题咨询', '咨询客服']], [['感觉还可以', '喜欢短期的标']]]","['平台靠谱', '银行安全']"
58,浙江车贷网,"[[['是不错', '是客服的专业知识还需要', '需要加强'], ['看他们平台', '搞一个杨梅节', '是投资人去', '算投资人见面会', '考虑要不要去']]]",[]
59,91旺财,"[[['感觉北京的房贷安全性会高']], [['让我获得', '获得了投资收益', '还有更多的活动活动参加'], ['记得那次的主题是', '是带', '带着钱', '去旅游活动', '写了一篇', '想到还中奖', '得了个一等奖', '是我人生里第一次获得的稿费'], ['送了挂历', '有次抽奖', '抽了个旺财娃娃', '送给女儿', '亲了又亲']]]",['房贷高']
60,虹金所,"[[['是我最早接触的平台之一', '感觉很稳定', '投入一部分', '希望以后收益越来越多']], [['知道为什么用', '用被黑', '继续留意']], [['看看，是', '是有', '有很多拖', '是xxxx的xx']], [['是我在浙江投资的算是', '算是一个非常好的平台', '提出他们的服务', '有什么问题', '得到很好的回复', '是越来越透明', '希望越来越好']]]","['平台早', '感觉稳定', '收益多', '平台好']"
61,多玺云,[[]],[]
62,多融财富,"[[['说了好不好']], [['是这么几个黑子', '造着同样的谣言', '看穿', '看出黑子', '充满了无奈'], ['受到法律的严惩']], [], [['曝光自融']], [['就是你们的榜样']], [['想多融自融的结局', '融自融']], [], [['跑路', '卷走了3千多人的血汗钱']], [['建议还在车上的赶紧下来']], [['是正规的信贷平台', '是老用户']], [['了解多融财富', '是国企中商沪深控股', '控股了99%', '算靠谱的国资控股平台'], ['投资了几笔收益', '超过1天', '正是工作日', '有兴趣']], [['说钱庄啥样现在的情况是', '是中商投的旗下就每一个靠谱的严重怀疑', '怀疑中商投动机不纯'], ['算个大老虎']], [['对比了很久选择', '让我失望']], [], [['利用普天金安与大圣理财', '骗了投资者几亿血汗钱', '置投资者死活']], [['说中商系', '系甩锅', '远离这些平台']], [['知道多融是', '是怎样控制', '控制风险'], ['希望能建', '建一个交流群', '方便投资者交流']], [['是自', '是中商系', '系所谓的国资平台', '有跑路嫌疑', '跑路']], [['黑多融'], ['说吧我们不关心', '关心平台', '关心今年年终奖', '有多少'], ['是中商沪深从金砖控股买', '来自融', '还是金砖控股', '代运营', '占股', '作为股权激励'], ['问平台怎么样跑', '理解你们的担心', '担心我们天天安抚', '说实在的也烦'], ['是我们所能决定', '看中商沪深'], ['说了中商沪深自融赚', '开得久一点', '找新股东'], ['没新资金流']], [['作为商业网点旗下的平台'], ['成为2017年最大的国资毒瘤']], [['删我帖子', '让我说', '说真话', '伤人']], [['给说法', '融出问题', '理你们']], [['投资过几次投资人', '是平台受', '受表面跟它有关系已雷的大圣理财影响', '有关系', '是躺', '躺枪'], ['说明什么问题大家想想'], ['看到黑子', '说不想', '想多融', '继续黑', '让多融', '找大圣', '要钱'], ['怕是', '是脑子进', '进水', '帮你要', '要钱'], ['算威胁']], [], [['让人看', '看着开心']], [['跑路']], [['唯恐天下不乱', '死了爹', '融黑倒', '有好处', '吃饱了撑的闲磨牙']]]","['结局多', '信贷正规', '用户老', '商靠谱', '投动机纯', '老虎大', '股东新', '资金新', '毒瘤大', '天下乱', '磨牙饱']"
63,易享贷,"[[['希望平台越来越好']], [['是那年的评点', '没发标']]]",['平台好']
64,河马在线,"[[['投过很多平台', '感觉这家算', '算比较踏实'], ['是收益没有', '以前不高', '希望能越来越好']]]",[]
65,车投网,[[['不见新手标']]],[]
66,普惠金融（皖）,"[[['是供销社旗下平台'], ['就是标', '有点少']], [['投他们家', '到账', '收手续费', '是标相对有', '有点少建议', '建议多发点短标']]]",[]
67,银湖网,"[[['要提现费']], [['回购', '是为了响应国家监管，合规', '响应国家监管', '是强监管年', '希望银湖网团队在备战合规，备案的同时，以投资人利益为', '备战合规', '为重点', '做好各方面风控', '辜负投资人对你的期望', '是业內唯一一家上市公司全资控股平台', '值得信赖']], [['加强风控']], [['怕人']], [['上市背景']], [['不知为什么总不温']], [['加个群都'], ['是这样', '考虑撤资']], [['建议再以前承诺大股东股票担保现没有', '拿着准备', '否决了拿', '拿投资人耍猴', '承诺好好的说', '说变', '变手机客户端', '没有了QQ打开', '点击人工服务', '没人投资', '发生这变化', '抢标1分钟满标', '到账']]]","['年强', '股东大']"
68,广信贷,"[[], [['看到网贷之家的返利注册', '抢不到标', '耽误时间']], [['没有办公场所的照片'], ['准备投标']], [['是目前看好的平台之一', '希望能够越来越好']], [['投了1万三个月信用标', '是不错']], [['放心平台', '相信前景美好']], [['借加息', '欺骗投资人充值', '是几秒钟内被抢', '需要接收', '输入验证码', '想买', '买标', '设置自动投标'], ['设置自动投标', '估计还得排', '排一个星期', '联系客户', '回答平台规则', '就是这样', '爱投'], ['收30元手续费'], ['让平台剥削手续费', '让资金站岗超过', '超过7天以上'], ['附有相关截图']], [['希望越来越好', '降息']], [['感觉不错', '想投', '投20有%', '到了80%'], ['算上中型平台', '希望平台再发展壮大越来越好'], ['是没有', '没有交流群', '占线']], [['返现实际', '回应有', '有点慢悠悠']], [['怕怕'], ['知道平台是否开始', '开始赢利']], [['感谢平台的客服'], ['给客服'], ['值得信赖', '希望越来越稳健']], [], [['设置自动抢标资金', '超过一周']], [['没有多少套路', '赚方便']], [['是持有中', '看不到标心']], [['显示可以持', '持三年']], [], [['是标难抢']], [['合规'], ['希望能开通', '开通投资交流论坛']], [['充了值', '投不了标']], [['还是不错', '希望能够顺利备案']], [['发现没标可', '无语555']], [['是难抢']], [['说银行存管很完全', '说帐号和银行卡不合', '不如其它存']], [['有一点']]]","['前景美好', '感觉不错', '平台好', '银行完全']"
69,金财动力,"[[['说：公司成立时注册资本5000万元'], ['筹备第八次增资'], ['请网贷之家人员核实', '核实一下信息是否属实']], [['建议投友们投', '投此平台'], ['以为国资系还放心', '知道什么时候能投', '投上标', '弄了个生财宝', '充值一个多星期', '是投'], ['投他处', '生这个气']]]",['信息属实']
70,可信贷,"[[['陪你们走', '上存', '存管', '希望继续']]]",[]
71,鲁班贷,"[[['说是搞', '搞活动', '让充', '充100体验', '让体现', '估计现在资金困难要跑', '捞一笔']], [['估计没', '没多少人去投资', '投资它', '看它鲁班钱包', '是一个大坑爹', '上传身份证', '想出这种方法']]]","['资金困难', '坑爹大']"
72,e微贷,[[]],[]
73,AI考拉,"[[['是屌丝理财', '适合我这种屌丝进行', '进行投资'], ['做分散投资', '买投资顾问']]]",[]
74,魔袋,[[['值得信赖']]],[]
75,恒信易贷,"[[['说声再见'], ['感到不安']], [['让你抢', '站岗10天以上', '明白怎么回事']], [['得到了缓解']], [], [['感觉平台标的真实', '希望存管']], [['有分公司', '查不到广州鹏誉商务服务有限公司']]]",['平台真实']
76,互贷网,[[['没问题']]],[]
77,日益网,"[[['投了网贷', '投了无数个平台', '就是日益网', '留住人心'], ['是一个好平台'], ['希望能一直保持', '保持稳定'], ['让我们理财', '无忧']]]",['平台好']
78,钱来网,"[[['说有', '有活动', '让我帮助', '帮助注册', '真是心累']], [['有信用保障的项目', '打脸'], ['是号称', '号称纯抵押']]]",['心累']
79,合力贷,"[[['看看怎么样', '希望稳健投资']], [['增加实缴', '实缴注册资本'], ['望早日改进']], [['是：标的时间三月左右利率15以上可转让']]]",[]
80,满兜理财,[[['就是利润低']]],['利润低']
81,融信网,[[]],[]
82,抱财网,"[[['到帐']], [['上30%', '是什么节奏']], [['投了大半年', '继续加仓']], [['列为A级平台']], [['值得投资']], [['到期撤资', '说三月底四月初，4月七号说是', '说是四月份']]]",[]
83,后河财富,"[[['有半年', '觉得平台挺不错'], ['希望多做', '做营销活动', '提高人气', '喜欢参加']], [['证明，后河确实是', '是一个非常有', '有良心的高收益型平台', '上存管协议'], ['做车贷现在已经做的非常大在之家排名也很高的那家', '强一万倍']]]","['平台不错', '后河确实', '良心高', '车贷大']"
84,新空间财富,"[[['有眼光']], [['希望越来越稳健']], [['来签到点', '祝越来越好', '是可观', '期待十二个月后的丰收']], [['放羊毛', '没有新钱', '还旧帐', '跑路']], [['希望平稳发展']]]",['钱新']
85,陆金服,"[[['感觉利率太低']], [['到期赎回', '问客服', '是T＋2要22号才能到', '要22号'], ['到账户', '知道提现', '等几天']], [['是我投P2p的首平台.各项指标都是', '投P2p', '是极级', '收g']], [['适合稳妥型投资']], [['算有', '有两年以上', '是相对而言比较低'], ['考虑到平台的安全性', '坚持优先选择']], [['是稳']], [['是标难抢']], [['没问题', '造成转让标', '使得收益更低', '有违P2P初衷', '建议改变', '改变改变']], [], [], [['公认老大']], [], [], [['希望越办']], [['是说', '说新手12%'], ['按活期率']], [], [['不知什么时候能还款']], [['是标的利率偏低']], [['撤出这个业务']], [['希望陆金服的高息产品多出', '出一点']], [['观察政策座实再投']], [['属于巨无霸级别']], [['是好多年以前', '是团长带团投资', '觉得这平台不咋滴'], ['变成了龙头老大', '是有', '有过人之处'], ['是安全']], [['嫌利息低退出', '投了50万以上', '超过15%'], ['适合思路灵活的投资者']], [['有靠山', '有保障']], [], [['买它', '买余额宝']], [], [['求稳', '要求不高的的投资者可以选择', '选择这个平台']], [['值得推荐'], ['投了几期点击计划', '加上奖励', '达到11上下'], ['是9.8了退出', '转让收费']], [['是能赚的平台']], [['玩文字游戏', '写6个月有效期', '看很容易就套', '估计就这一点就忽悠', '忽悠不少人']], [['需要大额资金能玩的转', '有钱', '求稳']], [['干爹牛']], [['看中知名度']], [['叫我投资', '说他们平台很安全', '等于贷款利息低', '就是非常坑爹', '等于放款利息低', '望大家注意', '注意这个问题']], [['就是利率低', '适合稳健投资者']], [], [], [['就是利率低']], [], [['就是网贷标根本抢']], [], []]","['利率低', '收益低', '标的低', '政策实', '利息低', '思路灵活', '投资者高', '平台安全', '贷款低', '利息低', '利率低', '投资者稳健', '利率低']"
86,百业贷,[[['观察再投资']]],[]
87,小牛在线,"[[['发现自动续投的问题']], [['搞不起活动', '想不花钱', '刷数据', '是雪亮', '建议你妹以后不要开', '开平台', '爆出刷数据的问题', '刷数据', '刷数据']], [['解绑银行卡那么简单的话', '盗取你的账号密码', '是直接就绑', '绑上他自己的卡'], ['是成年人', '用点脑子'], ['记住我们的目的是', '是赚钱', '是来耍', '耍小孩子脾气']], [['知道你们为何很慢']], [['没有标可投'], ['为之']], [['发展挺快的P2P平台']], [['就是利息比较低']], [['多了十万'], ['还有八万放在', '收利息'], ['说只有在提现的时候才扣', '回本金'], ['谢谢小牛在线老板']], [['感觉还可以', '是人气不高', '没有了排名']], [['还是这种平台靠谱']], [['打过电话']], [], [['有急事', '想要找', '找客服', '拨打3次后放弃'], ['输入账户信息', '提示没有注册'], ['确认鉴权信息', '提示：“信息有', '有误联系', '联系客服', '提示tbee8'], ['选择放弃', '放弃开户', '谈理财道路']], [], [['是1个月的14-15点标', '标完成', '完成直接换', '成24个月的标', '掉坑', '收很高的转让费', '赚这个黑心钱']], [['看我平台投诉帖子http://www.p2peye.com/thread-312377-1-1.html']], [['到账']], [['更新啥', '看见账户有', '有资产总额', '看评论', '有人变成', '变成年标']], [['没有银行存管'], ['跟不上大趋势']]]","['银行卡简单', '平台快', '利息低', '人气高', '转让费高', '趋势大']"
88,爱投金融,"[[['算是给我养成', '养成了一个好习惯']], [['感觉还行']], [['收回投资', '希望爱投金融能持续稳健发展', '选择好债权', '做好风控', '回报客户']], [['看着收益在涨真的挺开心', '买余额宝', '是个好平台']], [['听朋友强烈推荐去的爱投金融投资']], [['是我生平第一次投的P2P', '投P2P', '是因为不了解', '了解这个行业和公司的诚信']], [['回款', '到账', '近乎完美', '有待观察']], [['设定自动复投']], [['显示投资标的']]]","['习惯好', '债权好', '收益真', '平台好', '朋友强烈']"
89,圣贤财富,"[[['有活动让利'], ['望能坚持', '备案那天', '让投资人长期依赖', '满意合作']]]",[]
90,小微易贷,"[[['想你'], ['是什么的时候才肯睡觉']]]",[]
91,钱哆拉,"[[['有点不放心']], [['就是标的信息不透明', '借钱']], [['还是蛮高', '希望贵平台越做']]]","['信息透明', '平台贵']"
92,智佳金服,"[[['回款一段时间', '是新浪支付', '支付托管', '值得推荐', '打算再小投', '投一笔'], ['开始投', '是新成立不久的平台', '查相关信息']], [['上了银行存管']], [['用代金券', '是免费']], [['赶上平台活动', '上线']]]",[]
93,e资产,"[[['跑路', '能怎样'], ['奉劝各位投资者耐住寂寞忍', '忍住诱惑', '看看这个2000万的标的到期', '会怎样']]]",['投资者寂寞']
94,才米公社,"[[['出现过资金退不出来的情况', '提现几分钟', '到账', '没有手续费']]]",[]
95,壹心贷,"[[['投资这家平台']], [], [['是工作的重中之重', '保证资金安全', '压缩坏账率', '回馈投资人'], ['注重用户体验', '维护我们投资人的切身利益']], [['收到回款', '提前还款', '有信', '还有加息券发放']], [['还有额外加息奖励', '是返现', '有态度']], [['有著名学者说', '说过：“内在的吸引力可以让', '让产品、思想或者服务在众多竞争对手中脱颖而出'], ['就是最好的诠释', '发展有条不紊', '投资收益', '是有目共睹'], ['祝红红火火']], [['是一个字：6666666666有投资疑问的时候联系', '有投资疑问', '联系客服', '没有我活的体验']], [['是很信任', '信任这个平台', '扎根”这里', '带来巨大的金融想象', '建议平台完善', '完善自身平台技术挖掘', '是互金的IQ能够有', '有萝莉辅助工具']], [['是主做保证金的贷款', '主做保证金', '是这些产品', '逾期还款'], ['做企业真的很不容易', '帮助有', '有需要的建工企业融资', '能收益', '算一箭双雕']], [], [['查看收益']], [['带来了收益', '加成熟', '建议平台不断完善', '积累经验', '打造一个完整的平台生态链']], [['出现资金站岗的情况'], ['没有逾期现象出现', '有适合的标的专职客服', '提醒复投', '盘活平台']], [['使用了不少加息券', '有计划地分割', '留足投资的钱', '能使用券']], [['看了平台的官网设计', '系背景', '还有保险承保和风控团队', '披露和待收总额都很透明地展示', '投了13%年化的新手标']], [['投了30多个标', '没有逾期还款', '提前还款']]]","['资金安全', '学者著名', '金融巨大', '企业真', '平台完整', '总额透明']"
96,麦子金服财富,"[[], [['建议上能随意', '值得大家去投']], [['是返利网推', '有奶', '便是娘']], [['讲信用', '做活动']], [['到账']], [['是财神爷爷和麦子金服合并起来的数字'], ['好像蛮漂亮', '是秒到']], [['算是拜拜']], [['要求P2P平台禁止', '禁止一切形式的债权转让活动', '包括出借人之间的债权转让']], [['投债权标', '打到我的银行卡上']], [['说是', '是老平台']], [['接到02160617166诺诺镑客电话360助手提示', '提示炸骗', '服用手机', '问我是', '是怎么注册的我说', '说就这样吧请', '请挂机', '骂人我挂了更气愤的是', '是他竟然吧我的信息挂', '挂在其他平台留言', '说要贷款请', '要贷款', '请回', '回电', '还有乱七八糟的网', '问我需要', '投资多少钱', '是报复性的骚扰']], [['毫无诚信的平台', '建议大家去投资']], [['看不到银行页面', '知道为什么黑子总要黑', '希望麦子也要自己做好', '做好细节']], [['赚到了盆满意足']], [['整麦子', '证明什么叫', '叫诚信', '没有负面舆论说', '说跑路', '跑路', '比起来麦子', '是好平台'], ['是有', '有诚信的人'], ['支持麦子']], [['砍头息', '转3000元', '收取了500元手续费', '还一分钱利息'], ['冻结投资人资金', '让提现']], []]","['平台老', '人气愤', '平台诚信', '黑子黑', '平台好', '人诚信']"
97,阳光钱包,[[['没有手机APP']]],[]
98,方橙式,"[[['出过岔子'], ['响应政策启动', '启动了银行存管', '给赞'], ['看到了多给', '给我几张代金券哈']]]",[]
99,财富星球,"[[], [['期待早日签', '存管']], [['还是有的', '是那回复速度和漫不经心的态度实在让', '让人无法感觉', '感觉到客服存在的意义'], ['发表言论'], ['体验这点上', '拿热脸', '贴冷屁股']], [['适合新手']], [['开发了Y计划', '有那功夫']]]","['脸热', '屁股冷']"
100,佰亿猫,"[[['说平台好', '是托']], [['送50投资券', '写清楚规则', '混淆投资券和红包的概念', '等你投资', '告诉你，50的投资券不能提', '提50元产生的利息'], ['是小号', '问自答', '说自话'], ['有质疑', '质疑声音', '骂投资人'], ['是太阳打', '打西边']]]","['平台好', '规则清楚']"
101,众金在线,"[[['还是比较稳定'], ['压倒一切']]]",[]
102,普资金服,"[[['发现有', '有什么问题', '但愿平台能安全地稳步向前发展']]]",['平台安全']
103,达人贷,"[[], [['没有注销功能']]]",[]
104,网信普惠,"[[['是个老平台'], ['上市加风', '加北京互金协会副会长成色'], ['有保险等其他品种', '是综合性理财平台'], ['看利息', '有着一定差距']], [], [['有3天', '满标但', '开始放款计息', '开始计', '计息']]]","['平台老', '标满']"
105,2025金融理财,"[[['还是小心点', '上车']], [['没有新手红包']]]",[]
106,一起好,"[[['是秒杀'], ['是,诡异'], ['体验标限额1000元', '收取利息所得', '作为利息管理费']], [['有上市公司风投'], ['有ICP', '有存管']], [['是从一个专栏评论里认识', '认识这个平允', '观察它有', '有一段时间']], [['有两年']]]",[]
107,互惠理财,"[[['是怎么处理', '是强制收取']], [['披露未更新', '就是审计报告到现在都没有上传'], ['是没有', '没有维护人员']]]",[]
108,钱吧,[[]],[]
109,粤商贷,"[[['让人觉得', '觉得值得', '值得信赖', '发现一个好平台不容易']], [['知道并投的粤商贷', '开始投', '投买', '买长期']]]",['平台好']
110,53财服,"[[], []]",[]
111,招商贷,"[[['要求披露', '披露借款人信息', '有可能自融']], [], [['上银行存管', '说假话', '说是', '是上', '上了银行', '说是', '是2016年就和贵阳银行达成', '达成协议']]]",[]
112,农信商贷,[[['是个小而美的平台']]],['平台小']
113,四海众投,"[[['看朋友投资', '投资过网贷平台', '推荐了这家平台', '是国资系'], ['选了新手标和优质项目里面的机构担保贷', '还有一期是', '是提前', '提前还款']]]",[]
114,付融宝,"[[['没有接', '看可用资金', '还是哪个数']], [['让人放心']], [['是这个月怎么平台排名降', '降了10多名']], [['体现秒', '没啥乱七八糟的收费']], [['会这样子']], [['是一个套', '但愿不是']], [['投P2P', '选择了付融宝', '是个很不错的平台']], [['听说上市公司要入', '入驻'], ['请解答']], [['分节假日']]]",['平台不错']
115,527金融,"[[['需要下周一到', '到账']]]",[]
116,蓝鲸金融,[[]],[]
117,天涯好收益,"[[['投个鸟']], [['没有返利'], ['没有失误']], [['知道好收益', '是在'], ['到帐', '到卡'], ['扣了两元手续费']], [['注册了天涯好收益', '投91天一万元', '知道我的返利无效', '是我18年1月已经注册', '注册了天涯好收益'], ['还是很好', '得到解决'], ['想到10:50打', '打完电话', '到账'], ['是做人之根本'], ['是无价'], ['值得信赖'], ['介绍了我家人和亲朋也是', '是通过之家返利渠道注册', '投资了天涯好收益'], ['致以谢意']]]",['收益好']
118,金储宝,"[[['希望平台多出', '出点', '准备些购物卡什么']], [['发生资金站岗']], [['没有手续费', '反映平台实力强']], [['提下午']], [['还是挺出名']], [['放金储宝', '是平衡']], [['是小笔小笔在投', '提现费']], [['算比较满意', '觉得还是', '还是满适合', '适合做', '做长期投资']], [['返京东卡', '顶一个']], [['报道A轮融资发布会']]]","['平台多', '平台强', '小笔小']"
119,浩森金融,[[['接触这家平台']]],[]
120,理想宝,"[[['遇到客服态度这么差', '问东答西', '咨询客服', '让自己看', '说可以选择']], [['有实力']], [['有活力']], [], [['加大投']], [['是什么情况']]]",['态度差']
121,宝点网,"[[['上线四年的宝点网', '是比较不错', '是看上', '看上了平台的资历比较老', '过来了解', '看到有', '有人说', '说宝点网的体验', '是看', '看在平台获得', '获得过风投', '还有就是', '是5亿的担保公司', '感觉安全保障还是', '还是比较好', '说暂时投资的话还是希望', '希望有点不错的收益']], [['领养过熊猫']], [['成比例', '算是一家老平台']], [], [], []]","['平台老', '收益不错', '平台老']"
122,白菜金融,"[[['有懂得', '懂得帮忙']], [['是一个排名靠前的平台，服务和体现都还算', '算让', '让人满意', '就是利息有', '有点低']], [['讲车贷']], [], [['说老总给', '给补']], [], []]",[]
123,玖融网,"[[['发现害', '见过这么水的平台']]]",[]
124,红岭创投,"[[['相信红岭']], [['希望一直好']], [], [['退出网贷市场']], [['有一阵子', '有标', '耽误事'], ['有朋友在其他平台上投', '听说也不错']], [['知道该不该继续'], ['还是之前闹的太飞扬']], [], [['是利率太低']], [['就是地产大标多', '推出点1-3月的标', '是很安全', '是在年底左右到明年有', '有大量的快借', '借到期']], [['提现满块']], [], [['值得信赖', '带领红岭扬帆']], [['是如日中天', '希望别再有', '有大额坏账风波']], [['超过平台']], [], []]","['利率低', '地产大', '块满']"
125,华舵金服,[[]],[]
126,洋葱先生,"[[['还是蛮高']], [['就是利息低']]]",['利息低']
127,短融网,"[[['有一笔资金回款', '回了一张加息券', '有前途']], [['感觉平台挺靠谱', '算高', '是次日计息']], [['为之']], [['上市背景系车贷平台安全第一', '合规']]]","['平台靠谱', '背景安全']"
128,现代众车在线,"[[['投资了现代众车在线', '存钱', '买东西']], [['使用说明', '请问送', '送大额红包', '有什么用'], ['回答会员的问题']], [['没毛病', '收利息管理费']], [['用了一个月新手标']]]",[]
129,星月创投,[[['有债']]],[]
130,椰子理财,[[['还有较丰厚的活动收益']]],['收益丰厚']
131,前海惠农,"[[['开始投'], ['希望平台能稳健发展'], ['让我们投资者和前海惠农一起加油']], [['读懂平台', '没有投资哪来的返利.', '看懂', '懂再投资']], [], [], [['进了网贷之家11月排名', '排名百强榜'], ['有不少差距', '希望前海惠农能百尺竿头']], [['是比较快']]]",['平台稳健']
132,向上金服,"[[['是看不到', '看不到存管'], ['希望尽快上', '上存管']], [['收到客服打来的服务电话', '介绍了当下比较火的产品']], [['表现大气', '有卓越见识', '有希望']], [['是个好平台', '算高', '让我很满意', '让我失望', '支持你们']], [], [['还是比较及时']], [['投了向上金服', '希望平台年底都稳稳']], [['希望越办']], [['靠前', '感到高兴']], [['收到验证码']], [['没有银行存管电视剧里都是', '是你的广告']], [], [['没有任何通知', '锁住个人账号', '出了问题利息', '返多了要求', '要求客户返还', '锁住账号', '让提现', '提现这种大批量', '返现错误', '说明平台有', '有很大问题', '是非法行为']], [['支付宝强']], [['是当天到', '到账']], [['有一定实力老平台', '就是没上', '上银行存管']]]","['产品火', '见识卓越', '平台好', '平台稳', '要求多', '问题大', '实力老']"
133,乾贷网,[[['是风险把控']]],[]
134,开鑫贷,"[[['了解开鑫贷', '感觉安全性较好', '撤部分', '是开鑫贷利率低']], [['是玩']], [['投资本金', '是看', '看行情', '有风险']], [['值得老百姓信赖', '投了一年的标']], []]","['安全性好', '利率低']"
135,玺欢钱,"[[['喜欢这个平台', '没有其他平台'], ['看稳定', '是次要']]]",[]
136,车易贷,"[[['是安全誠信為第一平台都做到', '是經得起', '經得起考驗', '是當天到帳這點也很讓人滿意看', '看了很多評論不外乎質疑平台的透明度', '得到平台的認真', '與誠信']], [['是快速热情', '提供最好的服务', '感觉公司的气氛非常不错', '像一个大家庭', '是个踏实', '达成战略合作', '还是个规模尚小的公司', '相比那些心浮气躁', '讲扩张', '欣赏车易贷']], [['多10几万', '是很早就到', '到平台个人账户', '提现续', '作为抵押物借款方', '具有很大的优势'], ['查询真实存在'], ['给个好评']]]","['誠信安全', '帳這點讓人', '公司不错', '规模小', '气心浮', '优势大']"
137,沙小僧,"[[['赶上加息活动']], [], [['叫沙小僧', '进行过资金存管业务']]]",[]
138,牛板金,"[[], [['是赎', '有点慢']]]",[]
139,看看钱包,"[[['投了很多平台', '是最快', '为每一个投资人解答', '解答问题', '问不厌', '厌为投资人服务', '希望我的这个反馈能给真正投资人带来', '带来安全的讯息']], [['是5个月前投的看看钱包', '投了几次月标', '用了投资券', '介绍了个朋友过来', '还是比较平均']]]",['讯息安全']
140,人人聚财,"[[['拿监管备案的幌子', '伤害投资者', '为上策']], [['说送', '送京东卡', '没反应', '咨询客服', '就是推脱']], [['恭喜贺喜', '让单天成交金额从36W涨'], ['希望dang员继续']], [['是会员', '兑换了一些礼品']], [['改规则', '毫无诚信', '成2021年', '还要千5的手续费']], [['做活动', '说投', '投一个月增值', '收到他们的增值返现']], [['无语评价', '是伤', '伤了不少投友心', '出羊毛', '有这运作资金为啥不去补偿', '补偿一下老客户']], [], [['知道怎么办']], [['反厉害', '知道拉', '拉多少']], [['害人害', '害己']], [['希望第一批通过', '通过备案']], [['成散标', '付出沉重代价']]]","['客户老', '代价沉重']"
141,兆金所,"[[['是吸引', '吸引本地老年人投资']], []]",[]
142,森昊好时贷,"[[['发挥了小额分散的原理'], ['希望能一直保持']]]",['小额分散']
143,沪商财富,"[[['让人蛋痛的卡'], ['收到就是', '就是APP一直卡', '出下一页'], ['放弃绑卡'], ['打算先投', '投个小几万'], ['投了别的平台']], [['算满意', '披露实缴', '看看自动投资', '是四位数', '说明是', '是一个小小平台'], ['是自动标'], ['披露找到', '找到累计投资额', '看到注册人数', '担心抗风险能力低', '抗风险']]]","['人蛋痛', '风险低']"
144,苏宁金融,"[[['是p2p'], ['以为不是', '是p图p'], ['上了网贷之家', '觉得不安全']], [['算P2P的话', '有钱', '买国米', '买巨星']], [['不知是', '是什么原因', '冻结了用户的账户'], ['是什么意思'], ['出现过这种情况'], ['是怎么回事']]]",[]
145,团贷网,"[[['投资团贷', '祝备案']], [['让人感觉']], [['适合长期投资', '有许多小红包包']], [], [['是在返利网上看到']], [['希望利率不要再降', '投团贷']], [['有比较短期的标符合胃口', '希望越来越好']], [['是周五申请', '申请提现', '是周一上午到', '到账', '需要付费', '有送', '送现金', '卷啥']], [['看在有', '有红包', '充了4万', '抢不到标', '不知要站岗']], [['要本金'], ['是1月标', '减少了1.8%']], [['希望进一步增加', '增加合规度']], [['买理财', '选靠谱', '有银行托管', '说明比较稳定'], ['感觉这里不错']], [['超過了收入'], ['知道錢從', '錢從哪裡賺', '賺回來', '是有', '有點擔心']], [['有参与', '满足我不同的投资需求']], [], [['是很高', '到账', '是挺满意']], [['是机票扣', '扣款'], ['没有第三方托管', '扣款']], [['为小微企业贷款']], [['看到团贷', '参加互金协会的培训', '让人放心']], [['觉得很不错']], [], [['提前还款', '借天数', '打乱了投资计划']], [['说雷', '继续努力']], [['需要手续费有', '有点挫']], [['就是提现']], [['发布了资产标', '提前到期', '说一个星期内不还款', '扣款']], [['等着系统', '等于资金还要站岗']], [['到账', '返现红包', '超过13']], [['没有标'], ['浪费时间'], ['后悔注册'], ['没有标', '搞活动']], [['还是不错', '相信唐总', '相信团贷网']], [], [], [['希望团贷稳健发展', '通过备案']], [['排名40', '感觉团贷网这么大平台', '进入前20', '让广大投资者信服']], [['希望早点备案', '让小主们安心投资']], [['给三次提现机会', '感觉提现的手续费有点高']], [], [['看着加息活动挺诱人', '等着投资', '显示处理中', '是眨眼之间就没有', '没有了是', '是有点太坑人', '感觉有点上当受骗的感觉']], [['开始投'], ['有24小时的超级会员往上累加', '有第三方担保公司兜', '兜底', '有保障', '值得投资'], ['利用每用', '用回款的利息', '投十几天', '累了资金'], ['希望团贷能越办', '办越']], [['是禁止网贷与金交所的合约', '禁止网贷']], [['发现股东结构变']], [['希望尽快推进', '推进银行存管', '推出多种活动']], [['关注最早的平台之一', '有一定的运营能力', '变成T', '想减免', '提现劵']], [['提供相关服务', '说明平台的诚意']], [['提现收费', '是指', '收利息', '还是连本金也收费']], [['提现了2000元大概2个小时']], [['还有活动', '搞点力度再大点']], [['见证了团贷网的成长', '继续团贷网']], [['有必要创新能力']], [['突破300亿', '有一定的品牌实力', '帮我处理', '处理问题']], [['鼓励买智享', '是要出事']], [['现有手续费', '希望能过', '过备案']], [['成了余军', '公告上一声']], [['知道要不要退出']], [['有资金', '有标吧', '看见标']], [['没问题']], [['感觉还可以，利率算', '算大平台最高', '希望稳打稳扎地前行']], [['控制现金贷']], [['合规']], [['获得了C轮投资', '听说和微贷网接盘', '接盘了四达', '推荐重仓', '链接注册', '有100红包http://www.tuandai.com/r/regad/index.html']], [['是越来越差', '是摆设没有', '没有十天半月抢'], ['存管', '没有存管'], ['是网上最次的银行建议', '建议团贷网另寻好的银行如江西、华兴···都比厦门好']], [['是很满意'], ['玩理财'], ['复制链接', '交个朋友']], [], [['充不了值', '打客服']], [['适合短期投资', '推荐投资', '投资这个平台']], [], [['是我接触过前一百名的平台最高费用的一家', '接触过前一百名的平台最高费用'], ['感觉充值']], [], [], [['搞啥']], [['还是很流畅'], ['表扬一下客服']]]","['红包包小', '需求不同', '团贷稳健', '团贷网大', '小主安心', '手续费高', '资金累', '平台早', '力度大', '能力必要', '平台大', '银行次', '团贷网好', '平台最高', '平台最高']"
146,好车贷,"[[['拿了个小米电视']], [['看看后期表现']], [['就是标']], [['办理了抵押公证']], [['是安徽第一家跟', '跟银行']], [['提现5元'], ['沒多投']], [['存管', '算是高', '高了一个层次']], [['希望平台越来越好']], [['逾过期', '无债权']], [['听朋友介绍', '关注这个平台']], [['留差评', '是醉']], [['投资好车贷', '看到好车贷入围互联网金融平台30强海选', '充满信心']], [['投完一个月的标', '到账'], ['选择这里']], [['希望越来越好']], [['有托管', '排不进前100']], [['投资了不同月标']]]","['层次高', '平台好', '好车贷强', '月标不同']"
147,花生米富,"[[['是冲着高利率去', '冲着高利率', '有钱', '投红包'], ['获千万融资', '见实际的东西'], ['说是与江西银行签订', '签订协议', '见披露', '披露真实合同']], [['改了版', '没有苹果app']]]","['利率高', '东西实际', '合同真实']"
148,米金社,"[[], [['持续关注', '希望越来越好']]]",[]
149,和信贷,"[[['需要3天']], [['看好平台', '让人失望', '有问题']], [['有很多和信贷的托在发表', '是被骗', '骗了几百元', '充了15万', '坑了450元', '开始投资', '扣手续费', '投你们', '觉得不稀奇', '是3年以上', '持有3年', '是坑']], [['搞活动官网', '等于没搞', '充多少钱', '是零', '问客服客服说', '说就是', '就是这样', '说活动很多人都是', '是这样', '搞不起活动']], [['得5天'], ['损失一个点的收益']], [['是一个坑爹的平台', '看到以前评论里大家都说', '说提现困难', '骗了钱', '是坑', '就是传说', '追求那种虚假的高收益', '投正规平台']], [['打不开APP', '显示超时']], [], [], [], [['投资P2P很长时间']], [['算高']], [['买VIP', '减免利息']], [['还是秒标', '有那么快能投上的官方']], [['新手充&不可描述词不可描述词ash'], ['投新手标', '投限5000', '无红包'], ['投其它标', '有15元'], ['是要授权', '授权复投', '不知一月到期']], [], [['觉得标的数据还要更透明']], [['希望更上一层楼']], [['没动静'], ['算是有', '有信心']], [['体现手续费', '要千分之3'], ['有活动', '买不到3月期的产品', '有返现', '要千分之3的体现费']], [['想参加', '参加网贷之家返利活动', '没有办法', '见底', '知道怎么办', '推荐和信贷返利活动']], [['有个帖子说', '说不能提', '提现', '知道客服发现', '发现没有'], ['注意回复']], [['接触过这个网站', '是前天从网贷之家跳', '注意没有', '没有输入', '输入手机号', '看到这个平台', '显示我已经是', '是老客户', '注册过这个网站']], [['就是利率低']], [['是唯一增收之道', '是成交量的下降']], [['减少资金站岗时间', '赚退出', '想退出', '退出再设置', '继续持有']], [['是在国外上市', '上一个台阶']], [['综合收益偏低']], [], [['打不开app']], [['参与1年']], [], [['站岗一个多星期', '问客服还爱理', '理各种敷衍']], [['算大一点的平台', '是一家有', '有担当', '担当可持续发展的平台']], [['感觉还可以']], [['是个老平台', '上过天眼和之家的排行榜', '是无庸量疑'], ['提取要', '要5天'], ['引起了不少投友的抱怨', '希望平台重视']], [['投了十几了平台']], [['让兜底', '保护投资者权利']], [['是很安全', '提示风险里弟三条如果违约不还款']], [['加点仓']], [['能绑定卡', '知道怎么回事', '找到客服']], [['是一个干大事的精干业务团队', '干大事'], ['值得信赖']], [['是大平台']], [['算靠', '是我的重仓平台']], [['回款', '加大投资']]]","['人失望', '收益虚假', '平台正规', '时间长', '官方快', '标的透明', '客户老', '利率低', '收益低', '平台大', '平台老', '大事精干', '平台大']"
150,宇商有财,"[[['想咨询', '开通存管'], ['没人应答']]]",[]
151,365易贷,"[[['是最快']], [['有些老式', '够时尚']], [['有点闲钱']], [['提高了注册资金', '是实缴', '实缴资金']], [['逾期7天', '值得称赞']]]",[]
152,闽投网,"[[['到卡', '联系客服']]]",[]
153,零用贷,"[[['有保险', '汇付天下'], ['重信金融', '是做', '做小额贷款业务']], []]",[]
154,菜牛钱袋,[[['请交流']]],[]
155,蜂硕金融,"[[['没有逾期', '是名气不响亮']]]",['名气响亮']
156,火球,"[[['建议改进', '说，根据银行要求，目前提现最快需要', '需要T'], ['是秒到', '是实时到', '到账', '是如果当日17点前提现', '到账'], ['是逆', '逆潮流']]]",['银行快']
157,爱钱进,"[[['是多做', '做些加息活动']], [['是它的品牌和台子大', '是头部平台里中规中矩'], ['希望平台朝着合规的方向前进', '合规'], ['让投资者放心']], [['到账', '点退出', '点提现', '忙工作', '到账', '赞一个']], [['是不错', '就是利率有点低']], [], [], [['投这个平台', '希望平台能一直稳健的发展']], [['是收益太低']], [['解绑个银行卡这么麻烦', '绑个银行卡']], [['感觉可以', '算高']], [], [['是如何运作', '降低了风险', '有无', '无抵押'], ['投个1万元'], ['看了几项目', '有待明确']], [['有个问题', '做了很多动作', '植入电视剧《老九门', '做《那年花开月正圆》的电视剧植入', '开月正圆', '知道热播电视剧伴随的都是', '是高流量的引入', '是可能', '是不遗余力', '隐藏超高的运营成本', '覆盖各项成本', '包括运营成本'], ['有无', '无断裂隐患']], [['说爱钱进的提现速度超']]]","['品牌大', '利率低', '平台稳健', '收益低', '银行卡麻烦', '电视剧老']"
158,投巴巴,[[['属于中等偏上水平']]],['水平偏']
159,合家金融,"[[['上线']], [['是银行不良资产处理'], ['看到借', '借什么款'], ['还有你用', '用哪只垢眼看到的4个借款人', '垢眼'], ['靠点谱']]]",['银行不良']
160,银豆网,"[[['没银豆', '问过客服', '有问题']], [['没有之一']], [['希望保持', '保持收益高提现快客服服务']], [['投了银豆'], ['就是为什么之家银豆经常预警'], ['知道投友们怎么看']], [['超过了86.13%的平台'], ['提高几名']], [['期待下次的投资人见面会', '想了解', '了解一下王总对近段时间监管政策的看法', '合规']], [['提前还款', '还款大额标的', '有小半年', '拿牌照']], [['提前还款'], ['没钱', '收到回款']], [['是我体验', '体验最好的一家']], [['是不错']], [['注册了银豆网', '感觉还可以，安全']], [['是我投资体验最好的平台', '希望银豆早日完成', '完成备案', '带领豆粉']], [], [['让这新系统搞'], ['换个银行卡', '充值了点钱', '提不到帐', '让江西银行撤消冲', '少了提现的钱']], [['是水军'], ['有人告诉', '告诉我，标的为什么那么少']], [['有银豆', '兑换实物']], [['是个好平台', '是还利息的日子', '还利息', '到账', '合规', '继续加仓']], [['还是挺方便', '没有什么额度的限制', '适合小额']], [['是在银豆换']], [['成交了100万', '显示昨天成交可不是', '是这个数']], [['排名35名'], ['还有，以前每个个贷标的都是', '是20万', '受到不少人的质疑', '还是20万']], [['希望继续']], [['还是杠杠滴', '收费用', '没有什么管理费', '有缩水']], [['还有积分奖励']], [['回款准时提现秒', '没有手续费']], [['卯足了劲', '完成百分之八九十']], [['入手投资', '投资银豆', '还有大米收']], [['看了很多的对网站的评价', '是最好', '不不好'], ['说明银豆网在各方面都不错', '相信你银豆网', '合规']], [['听说整改要延期', '合规']]]","['收益高', '时间近', '平台好', '系统新', '标的少', '平台好', '款准时', '银豆网不错']"
161,乾坤袋,"[[['还是很靠谱', '是鸿坤地产', '是他们的业主', '投这个平台']]]",[]
162,酒掌柜,"[[['发公告', '在和平的直属二级单位名单里']]]",[]
163,钱贷网,"[[], [['出现一次差错帐', '是很准时', '有什么小疑问客服都能及时热情地给予', '给予满意解答', '见过平台老板他做事', '备案合法合规', '打造让人投资的放心平台这样平台', '让人投资', '值得大家关注']], [['值得推荐', '看到有', '有了进一步的发展', '要点个赞']]]","['疑问小', '合规合法']"
164,鼎信贷,"[[['是无意间接触', '开始确实感觉挺一般', '加大投资', '觉得还可以']], [['是很好'], ['是小金额的标的', '有弊', '在于消费贷小金额还是', '还是比较保险'], ['想投金额大', '方便自己管理', '是不可能'], ['还是分散', '分散多个平台']], [['观察观察', '看看一般化', '观察观察']]]","['感觉确实', '金额贷小', '金额大', '平台多']"
165,理财范,"[[['关联两次银行卡', '扣一元钱', '坑害投资人']], [], [['有感动', '有小问题']], [['上了存管', '是牛'], ['就是电子合同我沒法下载', '有谁知道', '知道不']], [['有老司机在']], [['是真']], [], [], [['是我投资以来感觉最好的平台', '回款', '体现秒', '是爽']], [], [['有闲钱']], [['心动平台的收益', '知道有', '有风险']], [['有高学历']], [], [['看网站介绍', '介绍很详细', '有投资经验', '有什么大差']], [['是从非你莫属开始'], ['感觉回款挺快', '回款']], [['感觉这个平台还是', '还是挺不错', '考虑试']], [['有兴趣']], [['信任这个平台']]]","['问题小', '司机老', '平台好', '学历高', '差大', '款快']"
166,超爱财,"[[['是趁早收摊']], [['做小额', '听说过有线上的超爱财', '没有与时俱进'], ['有个推荐活动', '感觉线上的收益更让', '让人开心', '管理我自己的账户', '是实时刷新'], ['摇几个超豆', '变成日常']]]",['人开心']
167,金盈所,"[[['关联企业融资', '有真实贸易往来', '有待考量']]]",[]
168,微贷网,"[[['属于老平台', '考虑投资']], [['提利息管理费', '提现']], [['有实力']], [['是稳健']], [['没有每个月的详细运营报告团贷网ppmoney']], [['希望手机端也能尽快实现', '实现T加0']], [['重仓微贷', '看好车贷模式']], [['就是利息管理费没有', '没有明确标', '有差距', '造成新人的怀疑']], [['还是OK']], [['是能', '能t']], [['接到电话', '投收益']], [['来电话', '说我的加息券要过期']], [['听说微贷网这周去', '去成都', '得了一个旅行箱']], [['收6%'], ['投了10来个平台', '碰见第一个收费']], [['打了10分钟以上电话', '无人接', '是人为设置', '有跑路']], [['相信纯粹的理财平台', '喜欢能看到', '看到债权信息', '看到抵押信息', '感觉踏实', '关注了一段时间', '有很多续贷的标', '是展期的意思'], ['为是', '是逾期了再发', '发一遍标']], [['投了一笔微贷网', '信任这家', '知道提现', '是什么情况']], [['有传闻要改名', '叫微贷银行']], [['回款', '算不错', '就是利息费希望', '希望取消', '提高点投资者收益']], [['是有', '有利息管理费', '知道其他大平台收']], [['提前还款', '还款从不短信通知', '等到还款日', '重仓', '体验最差的网站', '投了十多个平台', '提前还款', '有短信通知.', '看谁有', '有谁提前', '提前还款']], [['开始提现', '去哪', '打客服电话', '没人接'], ['是所谓的大平台']], [['打算入手', '希望下次能多搞', '搞点这样的活动']], [['感觉好赞']], [['入股商业银行']], [['算低']], [], [['作抵押'], ['查询了我在微贷上面所有的投资记录', '没有汽车']], [['有投资人见面会']], [['是难抢']], [['值得投资', '是最近的一些活动太复杂', '使人看', '看了有些云里雾里', '比如最近的活动增值加息红包什么', '建议：搞', '搞活动', '使人们一目了然'], ['不知其他投资人是否有', '有共鸣']], [['提现', '到银行卡', '等钱', '等死']], [['出来了新产品', '希望越来越好']], [['预热可以', '期待下个月']], [['搞活动', '搞加息']], [['就是V5也不过是', '是6%', '赶上银行理财'], ['搞出个X智投', '出个X智', '投也就那么回事', '没吸引力'], ['缺人投资', '适合小白']], [['算可以', '是提现'], ['如人人贷', '是秒到', '说，工作日提现也是', '是慢的要死', '是无', '无语']], [['开个投资人见面会'], ['送什么礼品', '没动静']], [['支持微贷']], [['有待提高', '提高一直在关注', '关注准备', '准备试水']], [], [['没有资金保障', '逾期无限']], [['是收益一般', '希望早日备案']], [['抵贷', '受影响']], [], [['开始关注', '关注平台', '开始投资']], [['入股银行'], ['保持安全']], [], [['有平台', '肯定第一']], [['决定去', '看看古城']], [['有一段时间', '感谢微贷粽子节', '加息福利']], [['有什么门槛']], [['听说入股', '入股银行', '看好前景']], [['破千亿']], [['期待像五周年一样活动多多，真正回馈', '回馈投资人']], [['是大势所需', '希望服务不要降低']], [['是最坑的地方', '投完一标'], ['想投', '投长标', '成短标', '超过了七天']], [], [['说平安银行资金托管', '是真托管', '还是就把钱存一下的假托管']], [], [['做投资', '观其变']], [['是准时回', '回款']], [['远离吸血虫平台']]]","['平台老', '月详细', '平台大', '网站差', '平台大', '产品新', '收益一般', '银行平安', '钱假']"
169,立业贷,"[[['就是想', '想问', '问一下网贷之家', '是风投系'], ['是啥']]]",[]
170,融金所,"[[['没机会']], [['投1次'], ['想好好投标', '买他家的V4']], [['没有资金托管']], [], [['等着倒闭']], [['经过了经', '是个好平台']], [['就是活动太少']], [['请问你们平台靠什么赚钱'], ['看你们资金净流入一直处于', '处于低水平', '待收'], ['搞不懂你们靠什么赚钱', '养活那些工作人员']], [['投了有', '有半年', '就是觉得', '觉得收益相比高', '开始注册', '回款'], ['是vip3或4的话', '投到标的'], ['是个不错的平台']], [], [['作为P2P车贷平台', '知道什么时候上线', '上线银行托管', '看好你', '让大家失望']]]","['平台好', '水平低', '收益高', '平台不错']"
171,企融信,[[]],[]
172,三信贷,"[[['开始加息', '有好几家平台已经超过', '超过你们的利率', '想换', '换平台', '考虑加息']], [['希望好好做']], []]",[]
173,皖都金融,[[['是一个老板骗子']]],[]
174,唐小僧,"[[['看好你']], [['推广链接', '赚广告', '是真的掉单'], ['投资了5万']], [['超过三天', '看不到，急人']], [['介绍开始', '开始接触', '接触唐小僧', '有点闲钱']], [], [['送0.88']]]",['掉单真']
175,宁创贷,[[['投一段时间']]],[]
176,工场微金,"[[['起投价', '投价100元', '还是非常适合', '适合刚毕业的学生来投资']], [['让人心里不安', '算太烂结果', '打成这样']], [['希望多出', '出些活动']], [['是怎么']], [], [['说什么通过360竞价注册的，没有', '竞价', '没有推荐人'], ['给解决'], ['推卸责任']], [['还是可以的排名在一步一步的靠', '靠前']]]","['人不安', '结果烂']"
177,聚宝珠,"[[['开始在这家投资'], ['值得点赞'], ['有去做', '做月饼'], ['值得期待']]]",[]
178,微金在线,"[[['来说还是', '还是比较高', '上线银行资金存管']], [['系背景']], [['还是比较靠谱']]]",[]
179,迷你贷,"[[['离不开您的宝贵建议', '感谢您留下的真知灼见']]]",['建议宝贵']
180,今金贷,"[[['投了上百家平台', '投过西北平台', '开始5万', '投过人', '有体会', '是个真真日上的好台子', '是西北的领头羊'], ['是它年标满的超级快', '有那么多人投年标'], ['等回来了果断复投'], ['支持小金金']], [], [['想充值', '充不进值', '问客服', '说是', '是民生银行没有快捷支付', '投团贷网']], [['要手续费2元']], [], [['推出高收益的标', '是让', '让我垂涎欲滴'], ['是做的牛轰轰']], [['怀疑评论', '是水军'], ['投了现在都还不成功']], [['有5%的股份', '发现也离职', '感觉一般']], [], [['是体验', '体验该升级']]]","['真真日好', '人多', '收益高']"
181,新新贷,"[[['是盈利平台']], [], [['待收', '像老平台', '有计划'], ['有推荐']], [], [['懂它排名', '排名第一', '是什么'], ['觉得好']], [['了解了一些产品', '进行了试投', '有什么问题', '找客服'], ['值得长期投资']], [['没法投资', '骗注册']], [['把风控', '是真正的的不跑', '跑路']]]",['平台老']
182,升值空间,"[[['有APP很方便', '是平台资金没有', '没有托管', '有托管', '算比较高']]]",[]
183,资本在线,"[[['发标十几个', '有一人', '是向投资人发出', '发出什么信号']], [['还是挺好', '体验都OK', '到账', '算是很高', '是大受', '受欢迎', '祝福资本在线', '是我投资', '投资了3年的平台']]]",[]
184,爱贷网,"[[['还是大平台保险']], [['没有融资方的名称', '让投资者怎么查征']], [['做了很多对我们投资者超级赞的福利活动', '期待接', '接下来更多的惊喜']], [['说好一个月的可以提现的月优宝本人四月十六号投资的昨天到期', '投下一个月', '告诉我下个月如果转让', '投下一个月坑比', '投这种霸王条款']], [['了解情况']], [['明白就多看', '看学习', '决定要不要买']], [['有银行托管', '放在平台上', '让客户看看']]]","['平台大', '月好']"
185,得易金服,"[[['是来', '来了投资的好地方']]]",['地方好']
186,金信网,"[[['是真慢四天都没到'], ['是我投的第一个平台'], ['是跟别的平台没法比', '说拜拜']], [['有三年的时间'], ['说我家房子装修钱就是', '装修钱', '就是用的部分赚取的收益', '真是一举两得'], ['继续投资', '希望金信越做', '做越好带', '带给我们更多的福利']], [['值得信赖']], [['需要五天', '祝早日倒闭']], [['算上双休', '要6天', '到账']], [['吸引资金', '宣称存', '存管', '还是大金融', '是部分存管', '是无', '无存管'], ['返现值', '达1.6%'], ['称本月才有', '吸引本金'], ['提前放假', '让提现', '过了好几天', '通知补息'], ['剩徐磊峰一个', '确认离职']], [['值得信赖', '使用这么长时间', '感觉很可靠']], [['投了几笔']], [['欺骗客户信']], [['发生逾期的情况'], ['上线了银行存管']], [['看出是', '是一家认真做事的平台']]]","['福利多', '金融大', '时间长', '感觉可靠', '平台认真']"
187,PPmoney网贷,"[[['需要2天以上']], [['是新手小试下', '希望平台健健康康的发展']], [['合规备案', '列前端', '值得信任']], [['是很高']], [['投这个平台', '投了小心被骗']], [['点评真假难分', '是雪亮']], [['是看到', '看到pp有', '有8888的体验金', '提取了收益', '收手续费', '觉得提样还可以就续', '投了另外一家安捷财富']], [], [], [['有技术问题']], [['有实力的平台', '有担当', '是个值得信任的平台', '值得信任']], [['没实力', '做活动', '骗钱']], [['提现无论金额大小无论时间长短每笔3元每笔3元每笔3元每笔3元'], ['盘剥10%利息', '盘剥10%利息', '盘剥10%']], [['就是利率较低']], [['继续会关注']], [['是这家最大的缺陷', '要钱', '注意：是', '是工作日', '遇到双休日', '准备好一个星期'], ['算大', '是免费秒到'], ['是个5岁小孩', '去“割', '割包皮', '让人爱']], [['是蛮稳定', '投什么', '不如宜人贷']], [['觉得还是', '还是十分不错']], [['是上网非常流畅'], ['是到期都能及时回款'], ['是客服态度非常好', '有问'], ['是安全靠谱', '有存管', '有排名', '有风投'], ['是人气足'], ['是，平台缺少', '缺少一个快速提现按钮', '希望能改进']], [], [['算高', '建议长期投资']], [['出现任何问题', '想都不用想', '是你自己操作', '操作出了问题']], [['处理一个问题', '是会长单位的办事效率']], [['投给了PPmoney']]]","['真假难', '财富安捷', '利率低', '缺陷大', '星期好', '态度好', '靠谱安全', '人气足']"
188,脐橙金融,[[['考虑增资中']]],[]
189,汇盈金服,"[[['感觉到现在标的都不好抢', '希望多发']], [['还是不错', '是标难抢']], [['参加六月活动', '发20奖励', '告知打', '打过电话'], ['查到那个未接', '问的有', '有朋友有', '有接到', '要求给', '给出证据'], ['总结：山东的真没', '没个像样的平台', '想想你们的本金'], ['死户口本']]]","['标的不好', '平台像样']"
190,诚汇通,"[[['继续支持']], [['是国企对平台的信任', '感觉老版', '是一个真心想', '想办', '办好平台', '想把平台长期经营下去的人', '加强征信'], ['出两年', '破50亿', '希望看到', '看到利息再降']], [['降利率']], []]",['平台好']
191,有利网,"[[['准备续']], [], [['明白规则', '希望立即获得', '获得收益'], ['达到自己想象的目的', '到账', '是这种货的新玩家']], [['无忧', '转出到余额居然要', '要两个工作日', '要工作日', '是利率很高']], [['上存管平台', '披露不明', '靠前']], [['希望用户体验可以做']], [['投资有利网', '要求透明'], ['得到国庆', '确认计息'], ['装国有银行的傲慢'], ['有详细说明'], ['满一年', '碰这家']], [], [['感觉很平稳']], [['有加息活动', '感觉比较稳定的平台']], [['没有可以兑换的商品', '有不定期发放']], [['是利率低']], [['标红包']], [['有以下三个特征之一1.开设', '开设银行个人子账户', '分配实际', '估计是', '是大账户模式', '是用户看不见的虚拟子账户', '进行3.充值'], ['请平台解释']], [['开始进'], ['希望多为投资者带来', '带来更多的更好的更安全的收益']], [], [['有安全感', '有风险']], [['无忧', '随用随取', '明白是', '是什么样的标的可以随用', '用随取']]]","['规则明白', '货新', '利率高', '银行傲慢', '感觉平稳', '感觉稳定', '利率低', '账户大', '投资者多', '收益多']"
192,财小喵,"[[['是有点烦', '是老手', '是一次性完成'], ['投资P2P', '有3年投资经历', '是这儿的新手', '是平台跑', '跑路', '带来高收益', '做好风控', '是看到', '看到已经有', '有银行存管'], ['希望以后每次能及时收回', '收回投资']], [['投这个平台', '打算试试', '试试追加']]]",['收益高']
193,微银理财,"[[['喜欢理财这类', '看到这个微银理财']], [['投资米庄']], [['算是比较好', '适合大众', '希望能越做', '给更多投资者一个健康的投资场所']], [['还有非常专业的投资理财顾问指导']]]",['投资者多']
194,融投贷,"[[['坐等备案', '相信你融投贷']]]",[]
195,信融财富,"[[['观察观察']], [['存管标', '存管标', '提现工作日两天', '还有提现时的手机验证码']], [['希望平台真实', '有良知']], [['继续投入']], [['希望尽快上线', '上线银行存管', '让投资者更安心']], [['准备投资', '觉得好的话']], [], [], [['是投之家的关系']], [['观察再决定']], [['投了上市', '希望能与协众一样加入', '加入第三方资金托管']], [], [['排名50以内收益中上'], ['为０', '有标可投'], ['有积分', '投了20万', '成现金1000多元'], ['比起每笔2-5元提现费不在话下'], ['是VIP3', '提现费每笔2元']], [['就是利息低']], [['是很多'], ['感觉整个流程还不错'], ['踩雷', '是小雷', '上不了根本']], [['算中规中', '中矩']], [['有一段时间', '算是有', '有进步'], ['希望能尽快拿', '拿到备案']], [['开始就投资']]]","['平台真实', '投资者安心', '话好', '利息低', '流程不错']"
196,合盘金服,"[[['保持稳定发展', '坚持小额']], [['开始玩', '投个月标', '试试手']], [['算可以']], [], [['投了这么多年第一次流标', '就两三个标的', '是没', '没谁']], [['出现任何问题', '还是比较靠谱']], [['有风险']], [['需要竞价']], [], [['是为了藏宝图来']], [], [['还是放心点']], [['发生过一次逾期']], [], [['并非真实体验']], [['投资3月标'], ['希望公司合规稳定发展']], [], [['投了一笔']], [['有几个功能', '合心意']], [], [], [['上了银行存管']], [['觉得合盘']]]",['公司稳定']
197,贷贷网,"[[['利用虚假合同', '跑路', '没有任何声明', '泯灭人性', '践踏法律']], [['用了一段时间']], [['跑路', '是假国资系控股的平台', '投资此类平台']], [['知道了，该平台股东是', '是中国机床总公司广州公司控股', '是有名的老赖'], ['跑路', '擦亮眼睛']], [['为中国机床公司广州公司控股', '俊打着国资系', '骗取投资人信任', '使投资人血本无归']], [['投贷贷网', '跑路', '是中国机床总公司广州公司控股', '是个大骗子', '骗钱'], ['走人啰']], [['点击图片']], [['是打', '打着国企的名号', '骗钱', '跑路'], ['是一个老赖大骗子', '还钱', '死光光']], [['跑路', '属高危平台']], [['是中国机床广州公司弄', '弄出来骗钱的假p2p公司', '骗钱', '是假', '是自融'], ['上当', '是血汗钱']], [['搜下星辰金服', '是国企机床控股']], [], [['受到惩罚', '付出代价']]]","['合同虚假', '国资系假', '老赖有名', '骗子大', '老赖大', '钱假']"
198,前海航交所,[[['算不错放心']]],[]
199,极光金融,"[[['看路', '需要提高']], [['看看什么情况']], [['体验什么', '习惯t']], [['抢不到标']], [], [['投了一段时间', '是这段时间标不多']], [['有很多产品']], [['是最好']]]",['时间多']
200,惠众金融,"[[['临近年底', '希望能稳稳赚', '稳稳赚一笔']], [['说是我投资过的体验', '体验最好的平台'], ['没有之一'], ['投过几个平台'], ['放闲钱宝']], [['有app', '赞一个']], [['点个赞', '希望平台继续', '继续努力']], [['投多少']]]",['平台好']
201,聚金资本,"[[['觉得小'], ['需要人工审核', '漏接了3通', '联系上我'], ['是我一样情况', '接客服电话']], [['负责任', '解决问题']], [], [['放这里']], [], [], [['是朋友给我介绍的平台'], ['去他们公司', '转了一圈', '知道他们都4年']], []]",[]
202,银狐财富,[[]],[]
203,安心贷,"[[['看见我得', '得评论', '到期提现手续费21块', '赚了50快钱.']], [['是不错']], [['说投资标底不好抢', '改进改进']], [['看看安心贷', '安心贷怎么样']]]",['标底不好']
204,金开贷,"[[], [['是真国资']]]",[]
205,小资钱包,"[[['是合规']], [['有存管'], ['支持小资钱包']], [['感觉非常靠谱'], ['赚了8万']]]",['感觉靠谱']
206,微镇,"[[['选择不同企业'], ['控制风险']], [['为零']]]",['企业不同']
207,蚂蚁在线,"[[['有一次到期', '是挺多']]]",[]
208,百长钱包,[[['有投资']]],[]
209,普汇云通,"[[['就是提现', '提现收费', '分存管和非存管两系统']], [['祝贺小普1月评级保持', '保持第64名']], [['做活动投', '是认证的时候走', '走了弯路', '喜欢建议', '建议平台的提现手续费能低']], [], [], [['上存管']], [['提示我有', '有风险', '是怎么回事']], [], [['相信应该让', '让投友满意']], [['显示，账户资金存在', '存在风险', '请与客服联系', '申请原路退回', '退回银行卡']], [['是假存管', '接一个存管标', '逗投资人']], [['感觉还可以', '是普通帐户扣', '扣管理费']], [['收利息管理费']], [['玩文字游戏']], [['投资收益', '有一定吸引力', '提高知名度']], [['有什么理由', '驳回我的提现']], [['本着安全至上的原则', '追求高息', '坚持做', '做到分散投资']], [['影响收益', '存管', '存哪门子']], [['继续投', '继续观察']], [['说，从昨天晚上开始网站打'], ['打开我'], ['有个瞎子跑', '骂别人瞎'], ['是28日凌晨到9点维护'], ['麻烦你先治疗', '治疗眼疾', '治疗嘴臭', '讨论问题']]]","['平台低', '存管假', '帐户普通', '原则安全']"
210,易融恒信,"[[['问客服问题', '得到回应', '就是平台网站偶尔不稳定']], [['希望平台继续', '保持稳定性', '让我们这些理财人能继续', '继续赚', '赚收益']], []]",['平台稳定']
211,拍拍贷,"[[], [['还有5万多累计', '累计收益', '爆出大量坏帐', '有3万收益', '无收', '倒贴一万', '负责任坑爹平台']], [['加强审核力度']], [['选过利息太高的标', '出现过逾期', '要对自己评价客观', '想选择', '选择一家平台', '看评价', '有不真实评价', '喜欢说', '说真话', '负责任']], [['想跟银行的人墨迹']], [['觉得用拍拍贷的消费信贷挺好', '需要这种']], [], [], [['查不到实缴资金'], ['是怎么回事']], [['希望采取', '采取措施', '降低坏账']], [['设自动投', '投AA', '覆盖逾期坏账', '高于彩虹'], ['观察到许多借款标有', '有一次还清再借的记录', '是正常还款率的2倍以上', '不知是否为平台有意', '为平台', '有意为', '为之', '增加平台', '拉低逾期率', '待加强', '加强免得成为', '成为骗贷与老赖的天堂']], [['有投', '算安全排名靠前']], [['看拍拍贷昨日数据', '为0', '是怎么回事']], [['超过过去两年的收益']], [['强迫续订', '有这种现象']], [['看好这个互联网金融的先驱'], ['它们不安全'], ['投风险标惨不忍睹', '看了看账户的逾期率', '看账户'], ['管你投资人如何']], [['找我', '认为可以理财']], [], [], [['想投', '投拍拍贷', '拍拍贷信用标的', '请立即绕道'], ['有问题', '赚手续费'], ['有一个清醒的认识', '下载我爱卡搜索', '拍拍贷相关舆情'], ['逾期无数', '是如何通过审核被投标下款的，借', '借到手', '打算还'], ['是真特么气']], [], [['没有活期', '只有定期']], [], [['是逾期']], [['逾期超高', '是老赖的天堂']], [['达到18%'], ['退出走人']], [['希望数据透明', '准备重仓']], [], [['是个摆设']], [], [['怕怕', '怕贷'], ['想把自己摘', '是昭告天下本平台', '是不负责任的平台', '负责任'], ['逾期286天12000多元', '逾期254天130多元', '没有任何解释'], ['投此平台']], [['希望能收回', '收回本金']], [['是怎么'], ['想咨询', '拍活宝', '无人接', '接电话']], [['让他催款', '说投资散标就要做好', '做好亏本的准备']], [['帮了我的大忙']], [['瞧瞧新人专享标'], ['说收益10%体验'], ['是就第一天收益正常，第二第三基本上减半'], ['是等额本息', '请把每天的本息发', '发回投资者投资者', '去复投']], [['有很多坑']], [['去银行', '就是互联网金融的好处']], [['开始火', '忽视风险']], [['是小白都能玩', '开始玩', '建议还是投', '投一些安全类的标的']], [['是一个骗子平台']], [['投了一段时间', '是门槛低', '是存', '存银行', '算是找']], [], [['是个黑人给借款人放', '赚差价', '问几个敏感问题', '买标', '是注意']], [['算不错', '还是比较安全', '去公司', '觉得有', '有潜力']], [['是来学习', '看看排名靠前的都怎么样']], [['值得信任']], [['靠前', '打算陆续辙']], [['跑路', '建议投']], [['知道网贷之家怎么推荐', '收了多少钱']], [['还是有人投资', '拍拍贷文字游戏', '设陷阱']], [['催收']], [['下款']], [['投资了拍活宝和彩虹计划的路过', '拍活宝']], [['上存', '提升一大截', '有优势']], [['算不错', '感觉网站和APP有', '有点不一致', '忽悠不专业', '听说老赖比较多']], [['是最合', '合规最透明的平台', '符合国家监管方向']], [['提供借款人的“审核信息', '感觉有', '有种平台和借款人合起来骗钱的感觉', '骗钱'], ['有一个电话', '建议发标时提供', '提供借款人的审核信息']], [['投几万元']], [['有名气'], ['知道这样既坑', '坑贷款者', '忽悠投资者的平台']], [['烧高香']], [], [['呈爆发式发展', '存在鱼龙混杂的问题'], ['敢在互联网上投资', '想开始尝试']], [['问一个', '没有ICP备案'], ['是绝对不允许']], [['提示提现一个工作日到', '到帐10元', '收10元']], [['买手机什么']], [['是行业中纯信用平台的鼻祖'], ['了解学习', '注意分散', '投安', '超标满盘皆输']], [['是新手', '看了评论']], [['是因为', '碰到坏账', '有40几天', '回款'], ['加上有', '有很多借款人会提前', '提前还款', '在20%', '达到了17%']], [['吃利息']], [['看到和滴滴的活动', '领到了滴滴的优惠券', '有啥新活动']], [['珍爱生命', '远离拍拍贷'], ['知道赚中介费的平台有', '赚中介费', '有什么可留恋']], [['等着我起诉', '起诉你们', '有你们欺诈的证据'], ['毫无意义']], []]","['利息高', '信贷好', '记录清', '还款率正常', '特么气真', '数据透明', '忙大', '收益正常', '类安全', '门槛低', '问题敏感', '老赖多', '平台透明', '行业纯']"
212,丁丁金服,"[[['还是资金站岗']], [['存管', '想到对方竞', '挂电话']], [['是工薪阶层', '关注丁丁大约1年半的时间', '有1年', '换新的办公地址', '是在', '还是和一线的大平台有', '有差距', '拿客户端', '有了但安卓暂时还没新版，像是', '是这种细节', '希望能尽快改善']], [['还要管理费']], [['做事业']], [['值得期待成为', '成为区域龙头']], [['感觉到借款的人多', '作过冬平台', '不失为一个很好的选择']], [], [['是可以', '是难抢']]]","['地址新', '一线大', '人多']"
213,申鼎互金,"[[['到账']], [['是平台活动太少', '积累多人气']], [['关注这个平台', '有点少']], [['给女神节小礼物']], [['参加过一次周年庆']]]","['平台少', '人多', '女神节小']"
214,融益汇,[[]],[]
215,财神爷爷,"[[['醉人'], ['留住人投资']]]",[]
216,闲钱宝,"[[['实现了客户资金银行存管的网贷平台']], [['是华兴银行资金存管', '是很好']]]",[]
217,玺鉴,"[[['是逾期', '逾期一天']]]",[]
218,华丰金融,[[]],[]
219,1号投,"[[['建议优化', '优化提现系统']], [['是刚接触']]]",[]
220,信和贷,"[[['到账'], ['有投的平台']], []]",[]
221,琥珀金服,"[[['还是比较合理', '是在观察一个月时间左右才开始', '观察一个月时间', '开始投'], ['还是比较满意']]]",[]
222,无界财富,"[[], [['赚碎片', '买红包']]]",[]
223,鑫合汇,"[[['想说', '说满标情况下流标问题责任不在', '在投资人', '是平台对项目把控', '是平台发布的是', '是虚假标太过随意'], ['发三月标']]]",['标太虚假']
224,晋商贷,"[[['让人喜忧参半', '退出平台']], [['从事什么工作', '拼体力', '成就一番事业']], [['继续支持']], [['是见', '见过所有平台中的奇葩', '沒有之一'], ['有15%几个意思']], [['算不错', '是数百万大标']], [['不知这样的日子会有', '有多久', '希望平台越来越好']], [], [['是卷铺盖走人的日子']], [['是跑路的节奏']], [['感觉不错', '祝平台长长']], [['没竞争力']], [['以为是', '是煤老板自融']], [['希望今后越做']], [], [['加那些群号', '驶得万年船']], [['有长期标', '估计是', '是配合', '配合监管', '适应市场发展'], ['祝越来越正规']], [['希望秉承', '秉承晋商千年传统', '做大做']], [['加强规范', '规范管理']], [['提现一笔']], [['是:应尽早实现', '实现存管']], [['成为行业标杆']], [['细看所发标', '合750元/吨'], ['借款500万'], ['是火中取栗'], ['是在一片质疑中确实已运营']], [['说没', '没费用', '买vip逾期返本金60%']]]","['平台好', '感觉不错', '平台长长']"
225,随取宝,"[[['适合作为', '作为活期投资的平台']]]",[]
226,广富宝,"[[['做小额贷款']], [['是标少而且难抢', '等到何时']]]",[]
227,土豆金服,[[['继续关注']]],[]
228,蝴蝶银,"[[['适合保守型']], [['算是一个比较奇葩的平台', '开展业务'], ['是做', '做什么', '注册5亿人民币', '送IPX', '使用加息券', '是渠道数据', '达42%', '时候10%的佣金', '听说也有', '有6%的佣金第三：信息披露完全没有', '成交了多少', '是什么样', '没几个人', '知道P2P是', '是做', '做什么'], ['出一辙', '参考附图第六', '说是', '是上', '上了银行存管', '挂了一个空壳第七：一年的时间', '换了8届高管']], [['解决问题效率好高']], [['算是满意']]]","['平台奇葩', '佣金完全', '问题好']"
229,淘金汇,[[['有新活动']]],[]
230,国泰·惠民益贷,[[['发现什么问题']]],[]
231,利好贷,[[]],[]
232,e葱金融,[[['值得表扬']]],[]
233,来融金服,"[[['没有银行存管', '知道还能不能提现'], ['是私人', '没有抵押物', '没有担保', '到款'], ['实缴资金八百多万', '没有实业背景', '租个办公室']]]",[]
234,饭饭金服,"[[['是有', '有时间规律购买']]]",[]
235,中国融信贷,"[[['逾期3万', '到账'], ['骗原客服'], ['投了同一标的']]]",[]
236,联金所,"[[['是刚通过', '通过之家注册', '用红包'], ['有两个版本']], [['到账'], ['到账']], [['是很多', '觉得网站的年化利率挺高', '有活动'], ['记住投资者的需求', '提醒有', '有款项', '到账', '有合适的标']], [['是第一次在平台投资', '希望不要出现', '出现什么跑', '跑路']]]",['标合适']
237,德众金融,"[[['支持德众', '规范我才会推荐', '推荐家人投资', '推荐不认识的人', '承担不了这个责任', '说，好的平台']], [['是100万以内的标']], [['开始投资', '感觉利率能满足', '满足我的需求']], [['是比较合规的平台', '合规', '参考网贷之家网贷天眼的一些合规评分', '网贷天眼', '合规', '说排', '排前50名的样子', '感觉很多投资人都不知道']], [['就是项目期限长', '建议不要只针对企业开放贷款，公司白领', '开放贷款', '有稳定居所', '是靠谱平台要看', '看能否经得起', '经得起考验']], [['看你们评论', '评论观察', '观察了一段时间才投资', '看好跟着政策走的平台', '跟着政策']], [['感觉还不错', '试着投资中']], [['说靠谱']], [], [['选好了安全过冬平台', '希望大家多多关注', '关注德众金融']], [['没办法', '投预约', '预约标'], ['联系客服', '需要一个密码']], [['是秒到', '是你们']], [['投了5个项目', '还有一个转让'], ['叫少数', '看大家有', '有必要把逾期的项目和担保公司都公布']], [['关注了下的德众金融', '看到有', '有很多网友对这个平台抱', '有片面的看法', '希望各位投友都能从全观看待', '看待问题']], [['逾期近8个月', '问就是', '是资金还沒有', '沒有到位', '不知这辈子能不能到位', '说再见']], [['求你们了快还钱吧']], [['结束认购'], ['推出相应的产品'], ['看到你们网站发的公告', '结束认购', '希望后期还有', '还有类似产品推出']]]","['平台好', '居所稳定', '感觉不错', '平台好', '项目必要', '看法片面', '月近', '产品类似']"
238,辉煌易贷,"[[['有说服力', '加大投资中', '需要加强']]]",[]
239,汇通易贷,"[[['看后期发展', '得个人把握']], [['还是比较放心']], [['提供了透明、公开、直接、安全的小额贷款', '贷款信用交易', '发布借款', '请求以满足', '满足个人的资金需要']], [['有回款', '知道提现一般是', '是多久到', '到账'], ['找不到在线客服']], [['开通了银行存管', '进行了升级']]]",['额透明']
240,礼德财富,"[[['有托管', '有保证', '看这还是', '还是挺靠谱', '就是么有', '有理财日历', '希望改进']], [['支付充值', '问客服', '让我不超过', '超过5000支付', '换成小额', '害怕哪天一不小心把我卡里的钱划', '碰到充值', '收高额手续费', '浪费时间']], [['上了银行存管', '希望做', '放心投资']], [['希望老板做', '做良心平台', '打造一个老百姓的平台']], [['充满跑路气质', '赞助什么足球队']], [['提现怏']], [['投了几笔体验']], [['有VIP活动', '入手了VIP', '开VIP实惠']], [['是比较知名的老平台'], ['满意这平台的收益', '值得重仓的平台之一']], [['投了礼德财富', '是重仓的平台之一', '是项目到期', '是个不错的平台']], []]","['卡小心', '平台知名', '平台不错']"
241,好又贷,"[[['开始投', '投好又贷', '算是资深老客户'], ['有人说', '说上市公司占', '占比', '缴一个亿'], ['有问题', '去上市公司', '当股东拿', '拿分红']], [['让投资者一眼能看出', '看出每收益']], [['注册了账户', '想充', '充点钱'], ['来电话', '算可以', '应该每个客服服务的客户', '有提成'], ['处在停牌重组阶段', '没有股权上市']], [['系平台'], ['值得推荐']], [['达5天', '属不可描述词不可描述词不可描述词平台', '有当日起息的平台', '有隔日起息的平台', '见过好又贷这么不可描述词不可描述词不可描述词的平台', '需要你来匹配'], ['借款资产端', '融个毛线']], [['等待银行存管', '没有动静']], [['期待存管系统尽快正式上', '上线', '期待六月活动多多']]]","['客户老', '系统正式']"
242,微E贷,[[['希望越来越好']]],[]
243,雪山贷,"[[['去官网', '觉得雪山贷还是挺好']], [['希望继续', '继续发展']], [['值得信任']], [['感觉收益好好'], ['希望平台稳健发展']]]","['雪山贷好', '收益好好', '平台稳健']"
244,前沿财富,"[[['始转投前沿', '让人感觉', '就是踏实', '作为长期投资理想平台']], [['没银行存管', '备案了我就投入', '投入你']], [['观察前沿', '是个小而美的小平台', '认为是', '是最严苛的他们还开创了这个行业的视频年审环节从贷前调查贷中审查贷后催收整个风控环节做的非常到位', '开创了这个行业的视频年审环节', '是比较低的所以现在重仓前沿']]]","['平台小', '行业严苛']"
245,双喆投资,[[['赚取了收益投资安全最重要']]],['收益安全']
246,信和大金融,"[[], [['是同事介绍']], [['是属于', '属于信', '靠烧', '烧钱', '砸广告', '涉嫌非法集资', '搜索权威新闻']], [['开始接触', '接触信和大金融', '准备在这个平台投资', '投资一笔', '希望有', '有好的收获']], [['开始关注', '关注信和大金融', '还是可观']], [['是2月开始', '投了两笔']], [['是一个很不错的投资平台网站', '做投资', '是为了', '丰满自己的荷包']], [['放了2万元']], [['觉得这种理财模式不错', '是小额投入']]]","['新闻权威', '收获好', '平台不错', '荷包丰满', '模式不错']"
247,前金所,"[[['是朋友推荐', '是担心', '担心安全', '投资了段时间', '投资了些小资金', '发现回款都是', '是按时', '提前回款', '想投资短期点的微小宝', '投资短期点'], ['帮我想', '想出了解决', '解决方案', '推出了自动续'], ['回款', '等着项目上线'], ['有7天', '是可以'], ['希望越来越好']]]",['资金小']
248,好麦金融,"[[['处于中等偏上水平', '不见联系方式']]]",['水平偏']
249,互融宝,"[[['是互融宝的老投资者', '算是看', '看着平台成长', '提了不少意见', '觉得平台很尊重', '尊重投资者', '是平台很安全'], ['设资金池', '是我最看重']], [['是大额']]]","['投资者老', '平台安全']"
250,两只老虎,"[[['听说这个平台有', '有一段时间', '想试试', '试试水', '想起那首歌'], ['看看再说']]]",[]
251,钱爸爸,"[[['有存管标']], [], [['开通了存管', '知道存管就没标', '收1%的管理费', '抢钱']], []]",[]
252,翼龙贷,"[[], [['活动得了50元红包', '查询网站要求', '要求不许投', '投7天'], ['投了15天5000元标', '给返还红包的50元', '返还红包'], ['打了客服投诉', '回电话', '说解决'], ['是活动规则立刻修改', '投7天'], ['不过15天']], [['有了很大的改进', '希望翼龙', '做好风控', '让投', '投民']], [], [], [['想再投', '投翼龙贷', '尽2天']], [['没意义']], [['有活动', '需要收取', '收取手续费', '实现每月限定次数的免费快速提现就更好', '限定次数']], [['投资翼龙贷', '是芝麻开花', '是30天芝麻', '砸手里半年以上', '说我没提醒', '提醒你', '迷信联想'], ['是前二十平台里最多', '像传销', '请大家远离', '远离翼龙贷', '有可能先倒闭的平台']], [['打算到期']], [], [['考虑过收益问题']], [['搞个发标预告'], ['以为投资人能洒'], ['等着你发标'], ['没人和你玩']], [], [['是冲', '有18左右的利率才进', '见有', '有可投', '是已满标'], ['建议多发点散标']], [['抢不到标', '就是假']], [['沒风声', '让投资人过', '过个平安年']], [['准备烂']], [['是何种方式']]]","['次数好', '平台多', '年平安']"
253,合时代,"[[['是坑']], [['关注这个平台', '开始试', '试着投', '投了芝麻', '投了定期一年标', '加仓半年标', '重仓这个平台', '发现平台活动很丰富', '是银行存管能上']], [], [['是当天到', '到帐'], ['搞活动增的优惠券时限']]]",['平台丰富']
254,花果金融,"[[], [['有小额投资', '希望存管', '存管早些上线']]]",['上线早']
255,e聚富,[[['有信心']]],[]
256,易通贷,"[[['打不开提示', '说网络超时']], [['有收费', '存管']], [], [['放点资金']], [['等通过', '通过备案', '投个标']], [['解决能过', '过备案'], ['上存管', '想上还是', '还是其他原因']], [], [['希望平台越做']], [], [['是上线', '上线银行存管'], ['追加投资']], [['投了一段时间', '希望越做']], [['到帐']]]",[]
257,梧桐理财,"[[['投活期', '有2小时', '是上午提', '提下午就到账', '看平台']]]",[]
258,捞财宝,"[[['跟着国家步伐'], ['值得信赖']], [['觉得是', '是高大上的台子就投', '傻眼了到期2天后才到', '到账户', '是三四天遇到', '遇到周末直接后延', '投第一次遇到', '遇到这样垃圾的台子']], [['像那些小平台没保障'], ['是比较安全']], [['令人糟心']]]","['台子高大', '平台小']"
259,你我贷,"[[['希望风控做']], [['提现快速']], [['希望越来越好']], [['还款什么鬼']], [['降额度']], [['举例，1日投资', '进封闭期', '开始退出', '完成退出'], ['开始提现'], ['占岗']], [['得利']], [['提现了你我贷', '回款资金', '占用投资人资金']], [['怀疑你我贷是', '是假存', '存管', '投过几个平台', '是转', '转到存管银行页面']], [], [['开始出现', '出现逾期', '提供任何明确做法'], ['说会催', '催收', '没有任何办法', '让人生气', '是借款人信用还是', '还是A级']], [['提现不出来怎么回事']], [['签到解锁']], [], [['看不到自己的评价', '评价怎么回事', '有频闭功能']], [['看不到详情', '感觉有点不透明']], [['有自身的缺点', '希望备案顺利投资']], [['希望以后活动多']], [['投入资金2万元'], ['是6月10日到期'], ['是30天'], ['是10%加', '加5%'], ['收到客服妹妹电话'], ['到期日6月10日'], ['考虑5月份31天'], ['有自融的嫌疑']], [['准备撤']], [['发个加息券']], [['投资了你我贷新手标', '到账'], ['給你我贷点个赞']], [['相信，我通过某网贷大咖注册', '投资你我贷', '说是有', '有返', '返现']], [['说标满', '喜欢从哪天开始就到哪天结束', '认为多占用'], ['是提', '到账']], [['来说客户体验感挺不错的首投', '有15%', '希望能多搞', '搞些老客户活动']], [['有站岗']], [['让人放心']], [['有道', '是自动退出'], ['是手动点了退出', '知道还要'], ['到了极点'], ['点了退出', '是转让中', '知道需要', '需要等多久'], ['上了贼船']], [['等待你我贷', '给出解释']], [['撸羊毛']], [], [['你我贷这种垃圾平台', '算是比较多的平台', '是最垃圾的平台'], ['没有之一'], ['是最垃圾的平台'], ['做活动', '说你违规', '给返', '是忍', '投了几个标', '有个标还失败', '到余额', '回款']], [['退出t', '排名前二十', '值得信赖']], [['延迟回款', '有滞纳金可以接收'], ['说明容易让', '让人误解', '没管理费']], [['是拖延、站岗等小问题'], ['有涉及到平台安全方面的问题'], ['是大事', '只有安全', '是可以忍受'], ['看到这方面的问题'], ['退出速度', '是真实的而且没有', '没有资金池', '是通过', '需要时间'], ['有资金池']], [['做活动', '入仓']], [['年化10']], [], [['还是很稳定', '投年利率', '有15%', '收到3个月的加息券']], [['开始推广好可以，之家上的力度太小']], [['说了还不错', '收服务费'], ['想来', '来这里', '看看有', '有人说', '说起过怎么收费']], [['到期回款', '到余额', '听投友', '说到余额后提现', '得三天']], [['遇到过网站bug']], [['是蛮高', '打了我两三次电话', '知道我投资', '投资了多少钱', '觉得我的消息太容易被暴露']], [['希望你我贷提现更快点就更好', '提现更快点']], [['以为还不错', '投了新手标3万', '到账', '等2个工作解锁', '等2个工作日', '是11的时间', '碰上周末', '是新手都不会继续', '说太坑爹']], [['进行投资'], ['集合标', '有一定优势', '退出你我贷', '建议现在进入', '进入平台']], [['参加活动', '发现平台的种类好像点复杂']], [], []]","['做法明确', '人生气', '感觉透明', '手标新', '网贷大', '客户不错', '客户老', '平台多', '问题小', '平台安全', '家好', '消息容易', '手标新', '平台复杂']"
260,温商贷,"[[['负责任'], ['是18%'], ['收到短信', '说是从16年3月1日起一年期的收益降', '为13.2%', '为9.6', '降息'], ['降息', '让我有', '有感觉'], ['急于公司利益最大化', '是无所谓的态度', '想降就降']], [['到帐', '等了三个工作日', '拿回钱'], ['投资标的'], ['适合撸', '撸羊毛', '建议投了新手标后就提现', '投了新手标']], [['回款', '到账户'], ['是吐血']], [['要手续费', '转入余额', '是坑']], [['加上返利红包有', '有十几的年化']], [['是负面新闻太多', '希望重视']], [['是不错的老平台'], ['希望温商贷越办']], [['就是上个月存管的时候问题有', '有一点']], [['想发', '搞活动', '庆银行存管']], [['是秒到']], [['就是那几家公司在借款', '看了前几天的记录', '是旧款未还又借', '借新款', '让人担心', '担心啊1']], [['希望早日解决', '解决技术问题']], []]","['手标新', '手标新', '新闻多', '平台不错']"
261,豫商贷,"[[['做车贷'], ['回款']], [['算是个大平台', '发现有', '有十分令人担心的地方', '令人担心'], ['有实地考查'], ['愿豫商贷']], [['推荐用', '希望他越做'], ['出台更详细的互控措施', '让客户有', '有长久持有的信心']]]","['个大', '措施详细', '信心长久']"
